pitch_hist_cos_10,pitch_hist_cos_20,pitch_hist_cos_50,pitch_hist_cos_100,mean_diff,std_diff,com_diff_dist,diff_0_20,diff_20_50,diff_50_100,diff_100_Inf,mean_diff_ext,diff_ext,com_diff_dist_ext,file_name,grade
0.6869958025227988,0.6133943715806629,0.4822233566368648,0.08496738193580877,38.9773466796875,58.91309011917923,5.56,0.33866666666666667,0.45066666666666666,0.144,0.06666666666666667,97.14262341438456,42.43017578125,7.659574468085107,./MASTgraded/51_mel1/performances/51_mel1_per101559_fail.wav,1.6666666666666667
0.7868781106785945,0.6875283876483306,0.5726436922515946,0.2646710493386604,88.65663854980468,91.64411241064718,6.8293333333333335,0.2986666666666667,0.25866666666666666,0.072,0.37066666666666664,225.66766487283908,141.1931915283203,9.851063829787234,./MASTgraded/51_mel1/performances/51_mel1_per102585_fail.wav,3.0
0.6643321455664009,0.5499020828529468,0.2709830730566047,0.10875330422769404,48.085814005533855,67.99555090325086,5.701333333333333,0.424,0.32,0.15466666666666667,0.10133333333333333,134.95900515292553,51.10279846191406,8.361702127659575,./MASTgraded/51_mel1/performances/51_mel1_per106160_pass.wav,3.6666666666666665
0.6330710746073144,0.4915763457750495,0.22942589937930888,0.03997471026922919,36.943508748372395,77.28240544036248,5.317333333333333,0.504,0.312,0.13866666666666666,0.04533333333333334,100.1269928952481,39.20233154296875,7.404255319148936,./MASTgraded/51_mel1/performances/51_mel1_per108959_pass.wav,4.0
0.7187654647802757,0.5435562921772961,0.3515355536392212,0.0697815008447097,39.29817730712891,49.74069433422649,5.690666666666667,0.368,0.41333333333333333,0.15466666666666667,0.064,90.91862349814556,46.077484130859375,7.627659574468085,./MASTgraded/51_mel1/performances/51_mel1_per109959_pass.wav,3.8333333333333335
0.9148846531954672,0.8805828444286912,0.5837195683524841,0.18482830194101518,49.16946944173177,34.10039315612205,6.336,0.16533333333333333,0.4266666666666667,0.33866666666666667,0.06933333333333333,91.90082339023022,58.33637237548828,7.680851063829787,./MASTgraded/51_mel1/performances/51_mel1_per113495_pass.wav,3.5
0.873786309457546,0.8211033009387628,0.6484371050033533,0.4774845727428798,177.05412837727866,191.19144176921168,8.04,0.168,0.21866666666666668,0.144,0.4693333333333333,488.0826313749273,434.7645263671875,12.01063829787234,./MASTgraded/51_mel1/performances/51_mel1_per133859_fail.wav,2.1666666666666665
0.7925988985897316,0.7084342628433117,0.6408636588882586,0.5296795186429338,218.73841560872395,181.95282730133567,8.722666666666667,0.16266666666666665,0.168,0.112,0.5573333333333333,454.8697438341506,372.38539123535156,11.957446808510639,./MASTgraded/51_mel1/performances/51_mel1_per138160_fail.wav,1.5
0.5349336543990305,0.49674676714255056,0.18603156683362182,0.019686812942078857,29.241891520182293,38.4001097395469,5.061333333333334,0.5626666666666666,0.272,0.12266666666666666,0.042666666666666665,76.95920351718334,34.1116943359375,7.24468085106383,./MASTgraded/51_mel1/performances/51_mel1_per139659_pass.wav,4.0
0.8310872664805227,0.7831509353770421,0.66515987367594,0.4665068533586006,105.56909598795573,87.30655758241662,7.466666666666667,0.17066666666666666,0.184,0.14666666666666667,0.49866666666666665,215.37572690273853,154.23680114746094,9.787234042553191,./MASTgraded/51_mel1/performances/51_mel1_per145095_fail.wav,2.3333333333333335
0.6531564137034607,0.40927494315479906,0.22255087784374922,0.0734193345171276,28.64907869466146,37.64214034821624,5.08,0.608,0.264,0.04,0.088,76.32946890973031,28.439544677734375,7.148936170212766,./MASTgraded/51_mel1/performances/51_mel1_per150859_pass.wav,3.8333333333333335
0.9305038063671957,0.9180509136082002,0.8746391736467432,0.8046982663573493,291.6418899790446,172.5148737968235,9.882666666666667,0.056,0.08266666666666667,0.08533333333333333,0.776,503.31875180183573,382.100399017334,12.24468085106383,./MASTgraded/51_mel1/performances/51_mel1_per152859_fail.wav,1.6666666666666667
0.6048609157544571,0.4440570712623863,0.3614847757992471,0.1739257422199143,69.58334737141926,101.87316566059117,6.093333333333334,0.4026666666666667,0.25866666666666666,0.16266666666666665,0.176,209.3115659673163,65.250732421875,9.446808510638299,./MASTgraded/51_mel1/performances/51_mel1_per154260_fail.wav,2.5
0.846651199248524,0.8148766859114862,0.483173260985804,0.29685001941674766,60.817061857859294,57.762422335983,6.442666666666667,0.216,0.37333333333333335,0.22933333333333333,0.18133333333333335,146.03115994372266,70.98244857788086,8.75531914893617,./MASTgraded/51_mel1/performances/51_mel1_per163559_fail.wav,3.0
0.7819217799460939,0.7624450037753697,0.5664293492155449,0.3831817033332401,175.24211299641928,181.76528722355772,7.970666666666666,0.18933333333333333,0.2613333333333333,0.09066666666666667,0.45866666666666667,453.72872048235956,404.98289489746094,12.03191489361702,./MASTgraded/51_mel1/performances/51_mel1_per114859_fail.wav,1.8333333333333333
0.5575207913876878,0.4828751611425151,0.28889540653108586,0.08829487716484159,43.90075567626953,88.19349119544273,5.501333333333333,0.464,0.2613333333333333,0.21866666666666668,0.056,119.86784305978328,51.66325378417969,7.904255319148936,./MASTgraded/51_mel1/performances/51_mel1_per116658_pass.wav,3.5
0.5683824440875667,0.3156592796958139,0.1435373989254206,0.01712990386509772,28.24299540201823,67.34333336198345,4.896,0.5946666666666667,0.33066666666666666,0.04,0.034666666666666665,76.9937086714075,26.83844757080078,6.872340425531915,./MASTgraded/51_mel1/performances/51_mel1_per120959_pass.wav,3.8333333333333335
0.6165154439094969,0.4231547705710325,0.30032023993468004,0.13923904140082022,34.03163382975261,36.72637425732838,5.402666666666667,0.5093333333333333,0.256,0.192,0.042666666666666665,84.74023940715384,48.759681701660156,7.648936170212766,./MASTgraded/51_mel1/performances/51_mel1_per126659_fail.wav,3.3333333333333335
0.5877731944052044,0.3682600785483872,0.15986118565296972,0.008234211178644915,23.66431660970052,23.57048539655397,4.997333333333334,0.536,0.392,0.048,0.024,52.35518548843709,29.879974365234375,6.5212765957446805,./MASTgraded/51_mel1/performances/51_mel1_per129959_pass.wav,4.0
0.6849854307143569,0.5464702823570946,0.371949640452706,0.08158109897335673,48.46532602945963,68.9461758213333,5.8213333333333335,0.37333333333333335,0.296,0.26666666666666666,0.064,122.25781615236973,58.37603759765625,8.042553191489361,./MASTgraded/51_mel1/performances/51_mel1_per148060_pass.wav,3.6666666666666665
0.7831768251749384,0.7506345224988429,0.6682450479676433,0.5667829883365388,218.4223532397518,200.3681161583275,8.733021077283372,0.15456674473067916,0.1522248243559719,0.09601873536299765,0.5971896955503513,515.3492755355122,301.2273254394531,12.214953271028037,./MASTgraded/52_mel1/performances/52_mel1_per141060_fail.wav,1.0
0.8478211472926291,0.7874303754999109,0.7573554701797875,0.43302735618579435,74.6771266678178,83.69583248009698,6.737704918032787,0.14754098360655737,0.2927400468384075,0.41920374707259955,0.1405152224824356,175.58721296363902,67.54533386230469,8.83177570093458,./MASTgraded/52_mel1/performances/52_mel1_per146759_fail.wav,2.6666666666666665
0.5066328595175081,0.5346524452767638,0.15347768926706856,0.014175730499574345,34.96384038634825,53.35788240385469,5.245901639344262,0.48243559718969553,0.3559718969555035,0.07259953161592506,0.08899297423887588,94.17955345082505,36.38690185546875,7.457943925233645,./MASTgraded/52_mel1/performances/52_mel1_per113858_pass.wav,3.3333333333333335
0.8454308816698815,0.7762408290156895,0.6936560563616703,0.176800504072686,50.34850423844134,59.49591606732465,6.245901639344262,0.1288056206088993,0.5526932084309133,0.25526932084309134,0.06323185011709602,106.76219391154352,54.067626953125,7.841121495327103,./MASTgraded/52_mel1/performances/52_mel1_per119659_pass.wav,3.6666666666666665
0.8121661582724448,0.7586553188802316,0.46050398764851125,0.26040561584982863,79.84264736488217,100.37617481426031,6.482435597189696,0.3325526932084309,0.3091334894613583,0.0585480093676815,0.2997658079625293,227.74111710307753,128.67535400390625,9.80373831775701,./MASTgraded/52_mel1/performances/52_mel1_per121160_fail.wav,1.6666666666666667
0.5822071187016679,0.5811472655567562,0.34554630669528047,0.04864248751907752,30.519103860966773,38.178544011826304,5.274004683840749,0.477751756440281,0.3840749414519906,0.10304449648711944,0.0351288056206089,72.21840689115434,40.5062255859375,7.196261682242991,./MASTgraded/52_mel1/performances/52_mel1_per123858_pass.wav,4.0
0.637989639895029,0.5367593906411451,0.20722861851174207,0.06095811052845876,40.405671666880124,58.21857699777624,5.56440281030445,0.4168618266978923,0.36065573770491804,0.14754098360655737,0.07494145199063232,105.3197725955571,44.053741455078125,7.785046728971962,./MASTgraded/52_mel1/performances/52_mel1_per141859_pass.wav,4.0
0.8549748558610123,0.7047722545541338,0.534394853672748,0.3419119220136548,71.631855305799,67.99069351765797,6.648711943793911,0.25995316159250587,0.2529274004683841,0.24121779859484777,0.2459016393442623,173.33819465993722,98.12600708007812,9.205607476635514,./MASTgraded/52_mel1/performances/52_mel1_per141958_fail.wav,1.5
0.6124622816661714,0.43833545240979377,0.19905497787133714,0.009266838515624957,23.476458797410164,20.676121094028556,5.096018735362998,0.522248243559719,0.4238875878220141,0.03747072599531616,0.01639344262295082,49.07926128066589,32.02880859375,6.4485981308411215,./MASTgraded/52_mel1/performances/52_mel1_per142159_pass.wav,4.0
0.679134618686152,0.5415339116179578,0.4547777508785105,0.36992535876570165,83.28707070987174,117.0583103931121,6.339578454332552,0.42857142857142855,0.13114754098360656,0.2154566744730679,0.22482435597189696,245.76646608727,95.58432006835938,9.94392523364486,./MASTgraded/52_mel1/performances/52_mel1_per145859_fail.wav,2.5
0.8532693304043312,0.7965041737805935,0.5544432965609803,0.1240138622881448,43.98532626221275,41.17815893040078,6.0843091334894615,0.16393442622950818,0.5386416861826698,0.26697892271662765,0.03044496487119438,88.58102702203198,54.67999267578125,7.635514018691588,./MASTgraded/52_mel1/performances/52_mel1_per147659_pass.wav,3.5
0.9635422719588911,0.924821590111117,0.8267767461304179,0.5684575453398822,102.45548292959602,94.04848814767351,7.510538641686183,0.05620608899297424,0.2529274004683841,0.3747072599531616,0.3161592505854801,238.4673989554432,133.32431030273438,9.906542056074766,./MASTgraded/52_mel1/performances/52_mel1_per148858_pass.wav,4.0
0.6285819483733425,0.5825976254351789,0.33942498810764227,0.09525144993400239,43.256505675840714,75.6488337761594,5.311475409836065,0.5409836065573771,0.3044496487119438,0.06791569086651054,0.08665105386416862,127.01063295168298,39.547515869140625,7.953271028037383,./MASTgraded/52_mel1/performances/52_mel1_per151985_fail.wav,3.0
0.6624685441144249,0.7046785759618753,0.3483700622029154,0.20026917689132118,73.05764756213865,117.4649983683228,6.065573770491803,0.45901639344262296,0.2576112412177986,0.12646370023419204,0.15690866510538642,231.27788422486492,65.41934204101562,9.616822429906541,./MASTgraded/52_mel1/performances/52_mel1_per152658_fail.wav,2.8333333333333335
0.9120826153954079,0.9111190249641329,0.8736771459803415,0.6833357049883351,259.4401891918316,229.0642938941237,9.210772833723654,0.08665105386416862,0.14754098360655737,0.11943793911007025,0.6463700234192038,600.8734913763599,374.8855171203613,12.74766355140187,./MASTgraded/52_mel1/performances/52_mel1_per153895_fail.wav,1.8333333333333333
0.4982286763916363,0.35067715416072665,0.18961052511592055,0.1460096168398039,37.556962810578895,48.0122570462148,5.400468384074942,0.4894613583138173,0.2529274004683841,0.1873536299765808,0.0702576112412178,97.76397533951518,50.57518005371094,7.841121495327103,./MASTgraded/52_mel1/performances/52_mel1_per124159_pass.wav,3.8333333333333335
0.7738253802598065,0.7637240018947682,0.5652005026646788,0.4644171676591198,176.2663948720177,281.066928062906,7.4543325526932085,0.2388758782201405,0.234192037470726,0.20140515222482436,0.3255269320843091,567.5728948004892,164.14813232421875,12.009345794392523,./MASTgraded/52_mel1/performances/52_mel1_per125985_fail.wav,2.6666666666666665
0.6639645593368342,0.6297401050521091,0.4630708177279902,0.28199140093268343,118.03389959759679,152.8617458568995,6.983606557377049,0.3044496487119438,0.2786885245901639,0.13817330210772832,0.2786885245901639,365.46878451053226,205.45867919921875,11.280373831775702,./MASTgraded/52_mel1/performances/52_mel1_per132685_fail.wav,2.0
0.7706204671810533,0.7194566435054952,0.6602716844048065,0.5052715650282972,141.71823656664762,154.37503538360667,7.496868475991649,0.2881002087682672,0.09603340292275574,0.19832985386221294,0.4175365344467641,383.1525679819286,236.6518325805664,11.475,./MASTgraded/53_mel1/performances/53_mel1_per108658_fail.wav,1.3333333333333333
0.9481470040765011,0.9151959602450443,0.6911472814471997,0.46940381883572363,89.25574881827657,99.98254970257604,7.231732776617954,0.09812108559498957,0.26931106471816285,0.267223382045929,0.3653444676409186,188.27238850543895,120.88847351074219,9.233333333333333,./MASTgraded/53_mel1/performances/53_mel1_per115558_fail.wav,2.5
0.5891626600005659,0.4568399788971942,0.17379180281968737,0.03278684676584621,24.728677317562333,20.610792290356272,5.068893528183716,0.48851774530271397,0.40292275574112735,0.10020876826722339,0.008350730688935281,52.550307210286455,36.33128356933594,6.658333333333333,./MASTgraded/53_mel1/performances/53_mel1_per116160_pass.wav,4.0
0.7103038350226641,0.6722667397291647,0.4220066627288335,0.14473840814260497,39.15191864674922,47.95237873091899,5.65553235908142,0.3298538622129436,0.4759916492693111,0.1419624217118998,0.05219206680584551,91.98736566404502,44.3336181640625,7.616666666666666,./MASTgraded/53_mel1/performances/53_mel1_per116558_fail.wav,3.0
0.9984992056825619,0.9835368861470641,0.9794906910272994,0.9815537222174447,366.056643391763,172.72771194262518,10.897703549060543,0.012526096033402923,0.0041753653444676405,0.10438413361169102,0.8789144050104384,566.7411138534546,506.3709602355957,12.575,./MASTgraded/53_mel1/performances/53_mel1_per152659_fail.wav,1.1666666666666667
0.7238931779440004,0.6457474342480712,0.3936254263478545,0.1824655732156272,43.049116865515956,52.8356249692257,5.67223382045929,0.40292275574112735,0.2985386221294363,0.22755741127348644,0.0709812108559499,106.19212757547696,60.04924011230469,7.833333333333333,./MASTgraded/53_mel1/performances/53_mel1_per154895_pass.wav,3.3333333333333335
0.7815341746988704,0.7274502735218026,0.290414828147661,0.045965260230629204,39.60525043691374,53.07881576530429,5.755741127348643,0.36325678496868474,0.3653444676409186,0.22964509394572025,0.04175365344467641,89.69325426568588,53.747100830078125,7.558333333333334,./MASTgraded/53_mel1/performances/53_mel1_per156060_pass.wav,3.6666666666666665
0.7722824240552306,0.7239794518836742,0.5571827539559874,0.37780086487278214,104.35236737779138,133.66320120790985,6.81419624217119,0.33194154488517746,0.22964509394572025,0.11482254697286012,0.3235908141962422,300.89298731933036,165.1549301147461,10.541666666666666,./MASTgraded/53_mel1/performances/53_mel1_per156160_fail.wav,2.0
0.8845279463682568,0.9100883443225749,0.7135749417741251,0.5036496526834626,190.9272352822265,207.81246116258686,8.058455114822547,0.22755741127348644,0.1732776617954071,0.07724425887265135,0.5219206680584552,516.2446075439453,256.78135681152344,12.325,./MASTgraded/53_mel1/performances/53_mel1_per134758_fail.wav,1.0
0.9123523081942443,0.861534467271338,0.6003918535041392,0.4469513333750475,90.47824886117698,111.86157888210394,6.939457202505219,0.2254697286012526,0.25052192066805845,0.325678496868476,0.19832985386221294,236.79085159301758,90.04782104492188,9.766666666666667,./MASTgraded/53_mel1/performances/53_mel1_per135059_pass.wav,2.8333333333333335
0.5409591365149481,0.4723568620255601,0.14955679728173876,0.007825193341653658,28.935485580208905,53.61100454905178,5.073068893528184,0.5302713987473904,0.36325678496868474,0.07515657620041753,0.031315240083507306,73.30969347606103,33.40220642089844,7.05,./MASTgraded/53_mel1/performances/53_mel1_per145659_pass.wav,4.0
0.6011063582725374,0.47132407488117073,0.0890054878981928,0.015009226955290276,23.907017025979926,25.11522415286928,4.918580375782881,0.5803757828810021,0.32150313152400833,0.07515657620041753,0.022964509394572025,56.71501623243093,30.917327880859375,6.708333333333333,./MASTgraded/53_mel1/performances/53_mel1_per147558_pass.wav,3.6666666666666665
0.8789049068166315,0.8106284493654035,0.46050353810171707,0.0842751535351868,53.97642930035551,126.95603248390972,5.88517745302714,0.29436325678496866,0.5177453027139874,0.13569937369519833,0.05219206680584551,147.69498224258422,41.25975036621094,7.883333333333334,./MASTgraded/53_mel1/performances/53_mel1_per149558_pass.wav,4.0
0.7806717573258328,0.7129929928637527,0.5014395033982895,0.2254171904985101,90.89450276302395,152.9597103126392,6.734864300626305,0.24217118997912318,0.302713987473904,0.25260960334029225,0.20250521920668058,256.0671608289083,87.83404541015625,9.708333333333334,./MASTgraded/53_mel1/performances/53_mel1_per156759_pass.wav,3.0
0.8445893746054632,0.7999177542949792,0.4250495975244254,0.0052107614784180955,36.448834998187046,42.78578547457908,5.734864300626305,0.2839248434237996,0.5949895615866388,0.09394572025052192,0.027139874739039668,72.25034650166829,43.3758544921875,7.191666666666666,./MASTgraded/53_mel1/performances/53_mel1_per159060_pass.wav,4.0
0.9347392414237119,0.9204050845547121,0.8174712649282325,0.7922620569154243,275.75119125052885,186.79586233112428,9.711899791231733,0.07724425887265135,0.11691022964509394,0.033402922755741124,0.7724425887265136,528.91958610937,329.52587890625,12.433333333333334,./MASTgraded/53_mel1/performances/53_mel1_per165759_fail.wav,1.0
0.8674003050749799,0.821247903774765,0.7363126493904218,0.691684032396525,148.22318953891636,175.83811140931513,7.747390396659708,0.14613778705636743,0.11899791231732777,0.3674321503131524,0.3674321503131524,405.6507451931636,145.39286470413208,11.241666666666667,./MASTgraded/53_mel1/performances/53_mel1_per168259_fail.wav,2.6666666666666665
0.778539405793328,0.6365713488320359,0.5362530894195027,0.3261532138791066,92.59702597350069,128.29637182710042,6.538622129436326,0.3653444676409186,0.24008350730688935,0.14613778705636743,0.24843423799582465,282.49554382363954,98.29864883422852,10.308333333333334,./MASTgraded/53_mel1/performances/53_mel1_per176060_fail.wav,1.8333333333333333
0.6307442655770283,0.5797078449067877,0.49468522707193946,0.35921906048031765,124.00666431936442,166.1855754977442,6.837160751565762,0.3757828810020877,0.2254697286012526,0.06889352818371608,0.3298538622129436,386.0354087330401,210.13095092773438,11.341666666666667,./MASTgraded/53_mel1/performances/53_mel1_per183659_fail.wav,1.5
0.9090744782523159,0.8832040694235337,0.4245745180309898,0.09278725829513329,59.04417350402176,108.84252262101108,6.296450939457203,0.21085594989561587,0.44258872651356995,0.2567849686847599,0.08977035490605428,149.53454991380374,54.85760498046875,8.266666666666667,./MASTgraded/53_mel1/performances/53_mel1_per156758_pass.wav,3.1666666666666665
0.7926780973953537,0.7130949663930175,0.25315642011261164,0.06489940708114192,37.087126847240974,40.834493255259616,5.670644391408114,0.3412887828162291,0.45346062052505964,0.162291169451074,0.04295942720763723,81.88729557763962,45.258880615234375,7.466666666666667,./MASTgraded/53_mel2/performances/53_mel2_per156758_pass.wav,4.0
0.8671961273698633,0.7682555492159016,0.49132026151548075,0.17492668450290152,50.550715807229636,52.244638684764915,6.231503579952268,0.26014319809069214,0.4033412887828162,0.26968973747016706,0.06682577565632458,116.0539255187625,71.73104858398438,8.304761904761905,./MASTgraded/53_mel2/performances/53_mel2_per108658_fail.wav,2.6666666666666665
0.8028590396692226,0.731803479440819,0.5901804223125962,0.39154604502509943,80.59035903222521,73.42013411981742,6.825775656324582,0.2577565632458234,0.2100238663484487,0.2052505966587112,0.3269689737470167,189.4397498721168,135.9609375,9.40952380952381,./MASTgraded/53_mel2/performances/53_mel2_per115558_fail.wav,2.0
0.5671163123401137,0.46209524511201666,0.22614582739748892,0.007513600728945032,27.982907394662963,31.02179338939396,5.181384248210024,0.4606205250596659,0.43675417661097854,0.06682577565632458,0.03579952267303103,64.02804441139811,35.05955123901367,6.876190476190477,./MASTgraded/53_mel2/performances/53_mel2_per116160_pass.wav,2.8333333333333335
0.6742824965300406,0.3895406545424671,0.1899949828789827,0.00690359834863082,23.308255748561002,20.923309820348237,5.028639618138425,0.5322195704057279,0.39618138424821003,0.059665871121718374,0.011933174224343675,49.7673100017366,32.80052185058594,6.533333333333333,./MASTgraded/53_mel2/performances/53_mel2_per116558_pass.wav,4.0
0.5895715120309963,0.4788902329488086,0.19701311523224718,0.007175515352753011,22.56534888365957,21.05737163632774,4.957040572792363,0.5155131264916468,0.4152744630071599,0.050119331742243436,0.01909307875894988,48.18881317618347,28.008636474609375,6.533333333333333,./MASTgraded/53_mel2/performances/53_mel2_per149558_pass.wav,4.0
0.7226966378323888,0.6590211073912825,0.4700837714447075,0.32324773001361107,99.34481332282178,118.63052279002196,6.866348448687351,0.2911694510739857,0.2935560859188544,0.10501193317422435,0.31026252983293556,289.4358303705851,189.64147186279297,10.761904761904763,./MASTgraded/53_mel2/performances/53_mel2_per154895_fail.wav,1.1666666666666667
0.8019046299409616,0.727137919455461,0.4265035333285228,0.2880290641667191,87.84323962569806,109.97339655077647,6.694510739856802,0.2720763723150358,0.30787589498806683,0.1766109785202864,0.24343675417661098,251.26884611901784,89.63462293148041,9.99047619047619,./MASTgraded/53_mel2/performances/53_mel2_per156060_fail.wav,2.5
0.9449827115021708,0.9414802268579919,0.896623559576808,0.8059112920064294,282.4244888650347,206.12218057474198,9.806682577565633,0.050119331742243436,0.10501193317422435,0.05250596658711217,0.7923627684964201,587.596737177599,416.4090943336487,12.752380952380953,./MASTgraded/53_mel2/performances/53_mel2_per156160_fail.wav,1.3333333333333333
0.6934307712234228,0.5000505851054906,0.34804537530227375,0.1811534309146819,65.9819225084241,93.21359880353315,6.198090692124105,0.360381861575179,0.2529832935560859,0.21479713603818615,0.1718377088305489,182.73467297213418,74.56843566894531,9.085714285714285,./MASTgraded/53_mel2/performances/53_mel2_per156759_pass.wav,3.1666666666666665
0.7597696825519026,0.6778729997666632,0.46490586782152654,0.14698956087961246,44.54724592283404,48.50932058399819,5.871121718377088,0.3198090692124105,0.3818615751789976,0.20763723150357996,0.09069212410501193,102.61117994217645,55.23582458496094,7.847619047619047,./MASTgraded/53_mel2/performances/53_mel2_per159060_fail.wav,2.6666666666666665
0.6454717466047328,0.584742740444973,0.333412556129066,0.20969836461024405,42.43427478057957,49.08618225511602,5.620525059665871,0.4152744630071599,0.29594272076372313,0.1957040572792363,0.09307875894988067,108.93538542247954,56.617008209228516,8.038095238095238,./MASTgraded/53_mel2/performances/53_mel2_per165759_fail.wav,2.3333333333333335
0.6096587542905251,0.5272784105159811,0.3837372345292429,0.17991041264299348,43.46410504815687,51.51855929920275,5.761336515513126,0.3436754176610978,0.3723150357995227,0.22911694510739858,0.05489260143198091,102.24288597064358,56.78712463378906,7.771428571428571,./MASTgraded/53_mel2/performances/53_mel2_per176060_pass.wav,3.3333333333333335
0.6277089285583797,0.42903306573528405,0.18036044203066864,0.07323975640821825,29.25215353644264,36.8611812856483,5.195704057279237,0.5751789976133651,0.2649164677804296,0.10739856801909307,0.05250596658711217,75.85881185985747,28.816539764404297,7.247619047619048,./MASTgraded/53_mel2/performances/53_mel2_per176558_pass.wav,3.5
0.5756237471820947,0.43272271859368,0.1248459752976372,0.08145717988287433,29.61060061488914,33.67392129836946,5.164677804295943,0.5417661097852029,0.2840095465393795,0.13365155131264916,0.0405727923627685,75.64459763481503,34.408714294433594,7.228571428571429,./MASTgraded/53_mel2/performances/53_mel2_per185985_pass.wav,3.3333333333333335
0.8780436359680204,0.831327868100792,0.5294756853088691,0.3074820379641045,74.3932145290379,81.03050850092794,6.689737470167064,0.24821002386634844,0.3341288782816229,0.1288782816229117,0.28878281622911695,186.55000157129197,111.40510559082031,9.41904761904762,./MASTgraded/53_mel2/performances/53_mel2_per134758_fail.wav,1.6666666666666667
0.957848927889385,0.9267697641977165,0.7643062699634983,0.4448546466029284,108.55225437481249,107.54703266955705,7.4463007159904535,0.15513126491646778,0.2840095465393795,0.1957040572792363,0.36515513126491644,275.45625566755024,147.0249481201172,10.447619047619048,./MASTgraded/53_mel2/performances/53_mel2_per135059_fail.wav,2.3333333333333335
0.6799354668389764,0.5949850192186097,0.2902710981119487,0.05776071062981111,36.67381036630109,36.36638004905199,5.675417661097852,0.3460620525059666,0.4343675417661098,0.18138424821002386,0.03818615751789976,80.90212752932594,46.42852783203125,7.523809523809524,./MASTgraded/53_mel2/performances/53_mel2_per145659_pass.wav,3.6666666666666665
0.4518425207001974,0.36169425939941047,0.19912360034036297,0.03522747054590636,31.05628988274811,40.6696955550719,5.114558472553699,0.5369928400954654,0.2935560859188544,0.11455847255369929,0.05489260143198091,82.3574156219051,36.325714111328125,7.419047619047619,./MASTgraded/53_mel2/performances/53_mel2_per147558_pass.wav,3.6666666666666665
0.6127661369050961,0.45482431408633106,0.2915652710427657,0.108504085173477,48.726166040531034,72.02369430196546,5.720403022670025,0.4282115869017632,0.37279596977329976,0.07052896725440806,0.12846347607052896,139.05873641967773,40.695159912109375,8.36,./MASTgraded/54_mel1/performances/54_mel1_per108659_fail.wav,3.0
0.5708101795627326,0.4576360358620012,0.18189438386624052,0.02567749056850409,29.532734368850363,42.067773495554555,5.2544080604534,0.4760705289672544,0.4005037783375315,0.10075566750629723,0.022670025188916875,68.38147689819336,34.90608215332031,6.85,./MASTgraded/54_mel1/performances/54_mel1_per112759_pass.wav,3.6666666666666665
0.8314893873743091,0.7311151947695739,0.6427052043351855,0.5569926071037642,164.07571370775813,164.66549665043323,8.005037783375315,0.18387909319899245,0.16120906801007556,0.12090680100755667,0.5340050377833753,404.6833501434326,287.81134033203125,11.56,./MASTgraded/54_mel1/performances/54_mel1_per113160_fail.wav,1.5
0.5621267825537107,0.3485937728634919,0.18899102123361802,0.07770680175923077,31.737796005133717,39.43259958039725,5.110831234256927,0.5314861460957179,0.2795969773299748,0.08816120906801007,0.10075566750629723,85.79607879638672,35.2198486328125,7.46,./MASTgraded/54_mel1/performances/54_mel1_per114060_pass.wav,3.6666666666666665
0.8395580215117122,0.7707995038748643,0.5704375658631448,0.39402349992627095,98.32014334652226,95.03159835533853,7.224181360201511,0.181360201511335,0.2040302267002519,0.27204030226700254,0.3425692695214106,233.72749877929687,134.79055786132812,9.9,./MASTgraded/54_mel1/performances/54_mel1_per133959_fail.wav,1.1666666666666667
0.7751037796014696,0.6435724750480464,0.40509397021939103,0.26720609891494096,74.16345660692498,81.62459582803261,6.680100755667507,0.22921914357682618,0.2795969773299748,0.21914357682619648,0.27204030226700254,174.53009017944336,103.6727294921875,9.17,./MASTgraded/54_mel1/performances/54_mel1_per137160_pass.wav,3.1666666666666665
0.8256144804792872,0.690097413587858,0.48385881630098676,0.39428254938851987,125.09286702730193,140.73538133174313,7.400503778337532,0.2972292191435768,0.16624685138539042,0.163727959697733,0.37279596977329976,338.4306582641602,205.0166015625,11.1,./MASTgraded/54_mel1/performances/54_mel1_per140160_fail.wav,1.3333333333333333
0.5633026411262517,0.4446826693831123,0.3619081642143528,0.0904546757116132,59.94889973753345,90.41982978870442,5.866498740554156,0.4156171284634761,0.3198992443324937,0.11335012594458438,0.15113350125944586,179.77432006835937,55.523284912109375,9.06,./MASTgraded/54_mel1/performances/54_mel1_per146060_fail.wav,1.8333333333333333
0.5593098479707688,0.5072795954945323,0.39280114057061416,0.04200406747441347,405.1469705807472,538.8875059314909,8.204030226700253,0.4357682619647355,0.16624685138539042,0.022670025188916875,0.37531486146095716,1173.980774536133,1150.7086791992188,15.04,./MASTgraded/54_mel1/performances/54_mel1_per146959_pass.wav,4.0
0.8473721262125882,0.7934030810160175,0.7497439671178573,0.6178885713655354,185.07538205009865,202.38386164323754,8.231738035264483,0.1561712846347607,0.15113350125944586,0.23173803526448364,0.4609571788413098,481.87286560058595,264.7347106933594,12.05,./MASTgraded/54_mel1/performances/54_mel1_per147559_fail.wav,2.3333333333333335
0.5180983899077382,0.48348272950388466,0.3839609682029226,0.19942352843186828,53.18097073725549,75.19714608854268,5.722921914357682,0.4811083123425693,0.2216624685138539,0.10831234256926953,0.1889168765743073,155.68218276977538,56.59521484375,8.82,./MASTgraded/54_mel1/performances/54_mel1_per149859_fail.wav,2.6666666666666665
0.780862580428485,0.70087194965105,0.5610642009752904,0.20476068040815604,46.21578894934666,65.68767555101219,5.889168765743073,0.30982367758186397,0.36272040302267,0.2619647355163728,0.0654911838790932,111.54956573486328,60.0819091796875,7.89,./MASTgraded/54_mel1/performances/54_mel1_per153759_pass.wav,3.5
0.7637376930994302,0.6204122615451448,0.3986141393960765,0.14161785767637247,51.857221085718955,65.7525506884301,6.085642317380352,0.3123425692695214,0.38287153652392947,0.17380352644836272,0.1309823677581864,128.5821577310562,59.08538818359375,8.27,./MASTgraded/54_mel1/performances/54_mel1_per169060_pass.wav,2.8333333333333335
0.5157303377669086,0.5824086367770007,0.22132268475338784,0.10689281451308312,39.174461883621795,61.16061279314787,5.420654911838791,0.5037783375314862,0.26700251889168763,0.16624685138539042,0.06297229219143577,106.17537506103515,47.423065185546875,7.85,./MASTgraded/54_mel1/performances/54_mel1_per177559_pass.wav,3.8333333333333335
0.6640669547215171,0.5199821588631116,0.29968871485179227,0.11876091534252516,54.11490821357938,81.35439318049946,5.954659949622166,0.3929471032745592,0.3224181360201511,0.17632241813602015,0.10831234256926953,149.39259140014647,57.1334228515625,8.59,./MASTgraded/54_mel1/performances/54_mel1_per116759_fail.wav,3.0
0.8238653362671127,0.7084220590050969,0.551370566201951,0.35717978612273343,100.36489089850515,141.39183359589524,6.8816120906801,0.24181360201511334,0.30982367758186397,0.25692695214105793,0.19143576826196473,295.8687168121338,80.42095947265625,10.4,./MASTgraded/54_mel1/performances/54_mel1_per119859_fail.wav,2.1666666666666665
0.8149650265725134,0.699874659075739,0.6286811076545209,0.35909556128049946,113.15507760996782,136.46352937369426,7.36272040302267,0.17884130982367757,0.2367758186397985,0.3123425692695214,0.27204030226700254,306.0454768371582,110.7763671875,10.48,./MASTgraded/54_mel1/performances/54_mel1_per122060_fail.wav,2.0
0.5729203333142315,0.47643182775516024,0.1984065088654339,0.14298682305219634,44.46792581399682,50.02344205071214,5.775818639798489,0.3979848866498741,0.3224181360201511,0.13602015113350127,0.14357682619647355,114.32334800720214,63.42242431640625,8.15,./MASTgraded/54_mel1/performances/54_mel1_per128658_pass.wav,3.0
0.5212687122556422,0.3676746280823001,0.16202695163789763,0.06040349760967921,27.836954361845926,27.0331754003201,5.10831234256927,0.5088161209068011,0.3224181360201511,0.12846347607052896,0.04030226700251889,67.12820503234863,36.84454345703125,7.02,./MASTgraded/54_mel1/performances/54_mel1_per128695_pass.wav,4.0
0.874769491302893,0.793646411661574,0.5742038629007238,0.30498935050351744,44.51333472110162,35.178090955686194,6.110831234256927,0.2518891687657431,0.4105793450881612,0.2770780856423174,0.060453400503778336,90.0750811767578,61.270751953125,7.64,./MASTgraded/54_mel1/performances/54_mel1_per128758_pass.wav,3.5
0.4148633902710448,0.3584750995582959,0.08495392361951232,0.006030188756812681,19.073443993330358,19.808684649041812,4.663484486873508,0.6897374701670644,0.2577565632458234,0.03579952267303103,0.016706443914081145,44.15874514693306,23.430259704589844,6.3619047619047615,./MASTgraded/55_mel1/performances/55_mel1_per103959_pass.wav,4.0
0.5258202541585811,0.40560401697782333,0.08731622630028706,0.009033136666634757,20.50289243572616,18.323909177623772,4.871121718377088,0.6181384248210023,0.31742243436754175,0.057279236276849645,0.007159904534606206,44.82743368641961,28.599669456481934,6.419047619047619,./MASTgraded/55_mel1/performances/55_mel1_per104060_pass.wav,4.0
0.602953223140592,0.452494157362605,0.14892833390340063,0.012152821480930923,23.63318788451376,27.933788392673797,4.966587112171838,0.5178997613365155,0.4200477326968974,0.0405727923627685,0.021479713603818614,53.60370665944758,29.287017822265625,6.6,./MASTgraded/55_mel1/performances/55_mel1_per105559_pass.wav,4.0
0.6950751169059097,0.671437541825166,0.5390455684119558,0.1168670789594802,47.15025877183512,86.11240895141106,5.804295942720763,0.27684964200477324,0.5751789976133651,0.10978520286396182,0.03818615751789976,116.54055170629705,43.15191650390625,7.714285714285714,./MASTgraded/55_mel1/performances/55_mel1_per110958_pass.wav,4.0
0.7953050072382033,0.6397475328422733,0.45014845387164965,0.24255281670542403,45.59406405802025,36.69260195660448,6.069212410501193,0.26252983293556087,0.38663484486873506,0.2720763723150358,0.07875894988066826,96.5770783366192,58.745391845703125,7.914285714285715,./MASTgraded/55_mel1/performances/55_mel1_per114958_pass.wav,3.1666666666666665
0.7474097796377523,0.5448426644580586,0.19889076046460935,0.02053316137541763,30.227034673903823,27.743778202888837,5.3818615751789975,0.42482100238663484,0.4200477326968974,0.1431980906921241,0.011933174224343675,64.90344249219412,42.432655334472656,7.085714285714285,./MASTgraded/55_mel1/performances/55_mel1_per127859_pass.wav,3.6666666666666665
0.7827861177362175,0.6852412522026586,0.5768998897826939,0.20379188947738197,47.43002292029293,46.6693167323817,5.995226730310263,0.29594272076372313,0.4224343675417661,0.15274463007159905,0.1288782816229117,115.04278339317867,56.710174560546875,8.219047619047618,./MASTgraded/55_mel1/performances/55_mel1_per130859_pass.wav,3.0
0.7279556052444273,0.49052653500164684,0.20877916954357337,0.05896685809524741,37.07846899375959,44.749299484361714,5.606205250596659,0.42720763723150357,0.37708830548926014,0.15035799522673032,0.045346062052505964,88.27837110246931,46.657257080078125,7.6761904761904765,./MASTgraded/55_mel1/performances/55_mel1_per131759_pass.wav,3.8333333333333335
0.632838155512982,0.5519461832115657,0.4114528702110168,0.2599013571789433,63.72429606554083,92.27859513577897,6.133651551312649,0.3221957040572792,0.28162291169451076,0.2052505966587112,0.1909307875894988,172.96896764157074,77.12091827392578,9.038095238095238,./MASTgraded/55_mel1/performances/55_mel1_per132060_fail.wav,2.0
0.9706648479445139,0.9658443976645793,0.9438459558760702,0.9215215416212098,279.7971751837233,179.35758756422575,9.799522673031026,0.09069212410501193,0.03341288782816229,0.07875894988066826,0.7971360381861575,490.9841311500186,476.0142822265625,12.0,./MASTgraded/55_mel1/performances/55_mel1_per115260_fail.wav,1.0
0.8120912633751418,0.7467654696486536,0.6010262346497137,0.2631657265156069,111.29984640435877,167.9507625932639,7.033412887828162,0.24105011933174225,0.2720763723150358,0.19331742243436753,0.2935560859188544,331.4802831054089,131.49884033203125,10.561904761904762,./MASTgraded/55_mel1/performances/55_mel1_per118758_fail.wav,2.3333333333333335
0.7769951758072134,0.8312221735640651,0.5116367434870669,0.4062185162958188,163.37207844847177,189.03192274476137,7.427207637231503,0.38902147971360385,0.1360381861575179,0.07637231503579953,0.39856801909307876,446.8132956016631,354.50118255615234,11.866666666666667,./MASTgraded/55_mel1/performances/55_mel1_per119658_fail.wav,1.5
0.8691305555632863,0.7600027047513176,0.4462822670478777,0.1323015054375691,64.74430772158048,83.3663761358808,6.463007159904534,0.2315035799522673,0.441527446300716,0.15990453460620524,0.16706443914081145,169.81384484501822,57.8504638671875,8.99047619047619,./MASTgraded/55_mel1/performances/55_mel1_per121260_fail.wav,1.8333333333333333
0.7110593346707992,0.5893548828429536,0.40496062961068563,0.04608861382894918,29.1356386940544,26.36038380038821,5.298329355608592,0.4486873508353222,0.42482100238663484,0.10501193317422435,0.021479713603818614,62.13816534958425,38.640573263168335,6.914285714285715,./MASTgraded/55_mel1/performances/55_mel1_per127558_pass.wav,3.6666666666666665
0.6123285454189223,0.548988621963578,0.24688106273767546,0.05686367829069998,26.0422019811885,26.553421782247195,5.042959427207637,0.5465393794749404,0.30071599045346065,0.13126491646778043,0.021479713603818614,62.900767851266124,33.95745849609375,6.9714285714285715,./MASTgraded/55_mel1/performances/55_mel1_per136759_pass.wav,4.0
0.6298652856458302,0.41475628903205825,0.16236365019904514,0.14553618302089444,61.211143699770254,110.27269198948936,5.594272076372315,0.5250596658711217,0.2458233890214797,0.057279236276849645,0.1718377088305489,199.4717819213867,40.82719421386719,9.085714285714285,./MASTgraded/55_mel1/performances/55_mel1_per142759_fail.wav,2.3333333333333335
0.6720910032469628,0.5464829883344662,0.3951491478306167,0.2588308434420335,113.76519854243196,151.10177198362484,6.794749403341289,0.39856801909307876,0.24105011933174225,0.04295942720763723,0.31742243436754175,351.90261499714995,189.85585021972656,11.371428571428572,./MASTgraded/55_mel1/performances/55_mel1_per147758_fail.wav,2.3333333333333335
0.6029172093788302,0.4016615820581784,0.24308140122455493,0.09771035054660426,49.24707980757148,99.00660481857565,5.26491646778043,0.5966587112171837,0.24105011933174225,0.028639618138424822,0.13365155131264916,160.75661671374525,31.08721160888672,8.371428571428572,./MASTgraded/55_mel1/performances/55_mel1_per156595_fail.wav,2.3333333333333335
0.783656291820852,0.7396881458743297,0.5992545386444242,0.5801697747791988,99.59242438460058,101.60288334749566,7.014319809069212,0.22673031026252982,0.15035799522673032,0.3031026252983294,0.3198090692124105,251.23825718111226,181.07925415039062,10.304761904761905,./MASTgraded/55_mel1/performances/55_mel1_per162559_fail.wav,1.3333333333333333
0.9335936466544483,0.8869865392620931,0.8225328802146222,0.6227187872720121,206.65327726449453,165.3634906315959,8.763723150357995,0.11694510739856802,0.16467780429594273,0.07398568019093078,0.6443914081145584,440.1105391911098,362.82422256469727,11.685714285714285,./MASTgraded/55_mel1/performances/55_mel1_per136495_fail.wav,2.0
0.57255795571614,0.39425970121468895,0.09548179626122494,0.006265517314458376,35.19337092682418,81.6576169450455,5.065656565656566,0.6060606060606061,0.3055555555555556,0.027777777777777776,0.06060606060606061,102.82806176308429,25.512855529785156,7.242424242424242,./MASTgraded/55_mel2/performances/55_mel2_per103959_pass.wav,3.8333333333333335
0.5991003620420025,0.48290320331155934,0.1753304348159943,0.0225106614853998,31.407817242469527,55.03042265350349,5.088383838383838,0.6111111111111112,0.24242424242424243,0.08838383838383838,0.05808080808080808,88.21369624619533,29.71405029296875,7.262626262626263,./MASTgraded/55_mel2/performances/55_mel2_per104060_pass.wav,4.0
0.8447990881283653,0.708079351512401,0.22823133147578767,0.002999424829949724,26.107349520455106,17.298557870753168,5.373737373737374,0.39646464646464646,0.5202020202020202,0.07828282828282829,0.005050505050505051,48.085548085395736,31.94204294681549,6.4646464646464645,./MASTgraded/55_mel2/performances/55_mel2_per105559_pass.wav,4.0
0.6410955960391569,0.5735520808182208,0.4422058195837653,0.059629627083001006,36.511895311564196,46.69321596867159,5.563131313131313,0.351010101010101,0.4696969696969697,0.1414141414141414,0.03787878787878788,80.42395515152903,44.9387321472168,7.393939393939394,./MASTgraded/55_mel2/performances/55_mel2_per110958_pass.wav,4.0
0.7275164245480576,0.586215478732247,0.37795595826189865,0.196673301359571,33.57779149748761,28.854419617775328,5.494949494949495,0.42676767676767674,0.3055555555555556,0.24494949494949494,0.022727272727272728,74.34177989971758,52.36646270751953,7.333333333333333,./MASTgraded/55_mel2/performances/55_mel2_per114958_fail.wav,2.5
0.6673121156182386,0.5547275537202901,0.4318444979270858,0.16700692351856178,50.08566349978098,77.53755823991376,5.828282828282828,0.3939393939393939,0.2676767676767677,0.25,0.08838383838383838,129.40424898266792,61.43682861328125,8.232323232323232,./MASTgraded/55_mel2/performances/55_mel2_per130859_pass.wav,2.6666666666666665
0.750616566446003,0.6100672934546699,0.453365817748838,0.17892019927946864,52.223966457589405,64.3150505312314,5.954545454545454,0.3434343434343434,0.3560606060606061,0.15151515151515152,0.14898989898989898,136.38862221575144,64.88528442382812,8.575757575757576,./MASTgraded/55_mel2/performances/55_mel2_per131759_fail.wav,2.8333333333333335
0.7672141627486192,0.7146557144077299,0.4798672227674206,0.34546166514063015,44.574955682486596,34.442083554517616,6.0353535353535355,0.2904040404040404,0.3484848484848485,0.30303030303030304,0.05808080808080808,92.4809080506816,63.88713842630386,7.909090909090909,./MASTgraded/55_mel2/performances/55_mel2_per132060_pass.wav,3.6666666666666665
0.8536535401491138,0.819419646219477,0.7774975545597271,0.559042164115117,75.76635618906731,58.44673923000493,7.1313131313131315,0.09848484848484848,0.23232323232323232,0.4166666666666667,0.25252525252525254,138.40909784490412,100.06092834472656,8.555555555555555,./MASTgraded/55_mel2/performances/55_mel2_per136495_fail.wav,1.6666666666666667
0.7900578074584643,0.6771539631305001,0.3978270287899631,0.09815849815826992,50.81082905791324,77.23907744480586,5.8686868686868685,0.37373737373737376,0.3813131313131313,0.17424242424242425,0.0707070707070707,136.28404763732294,48.878360748291016,8.262626262626263,./MASTgraded/55_mel2/performances/55_mel2_per136759_fail.wav,3.0
0.7453854363045206,0.6839392041759961,0.41971835989252865,0.2622158435622166,100.6450527826644,121.34789263691651,6.936868686868687,0.32575757575757575,0.18434343434343434,0.16666666666666666,0.32323232323232326,285.2400860599797,137.86618041992188,10.535353535353535,./MASTgraded/55_mel2/performances/55_mel2_per115260_fail.wav,1.3333333333333333
0.8324434322577746,0.7915628605082796,0.48385856591085413,0.11610532120751708,41.71575358638897,35.15004350152727,6.032828282828283,0.2398989898989899,0.46464646464646464,0.26515151515151514,0.030303030303030304,79.93354609759167,52.346221923828125,7.393939393939394,./MASTgraded/55_mel2/performances/55_mel2_per118758_pass.wav,3.5
0.638219353004103,0.5142546721046255,0.4581241415665322,0.18053083203444098,85.57739495320453,119.91808158068862,6.320707070707071,0.351010101010101,0.29292929292929293,0.1590909090909091,0.19696969696969696,263.57212638538897,77.84309220314026,10.171717171717171,./MASTgraded/55_mel2/performances/55_mel2_per119658_fail.wav,1.8333333333333333
0.7269801854589656,0.6039306033969022,0.15163126247985007,0.004931942708750888,40.00843948238727,100.95134705645846,5.255050505050505,0.5025252525252525,0.4090909090909091,0.04292929292929293,0.045454545454545456,114.35711593534609,30.833251953125,7.191919191919192,./MASTgraded/55_mel2/performances/55_mel2_per121260_pass.wav,4.0
0.8017152996225274,0.7177686235190428,0.35000854383801716,0.18208183542505724,40.272348870231646,39.79573692824997,5.782828282828283,0.3661616161616162,0.33585858585858586,0.23232323232323232,0.06565656565656566,94.48758203333074,55.5082893371582,7.828282828282828,./MASTgraded/55_mel2/performances/55_mel2_per127558_fail.wav,2.8333333333333335
0.7192031213979463,0.5826433856305231,0.36224600225097,0.0912538783373877,38.335224820432636,35.41439215895261,5.704545454545454,0.3207070707070707,0.3787878787878788,0.2601010101010101,0.04040404040404041,80.91514762649031,53.11653137207031,7.4646464646464645,./MASTgraded/55_mel2/performances/55_mel2_per127859_pass.wav,3.0
0.7502022586160308,0.6684748646723508,0.41774640641855876,0.13480139219839818,39.08495530501158,39.29023239863871,5.747474747474747,0.3282828282828283,0.4166666666666667,0.1919191919191919,0.06313131313131314,88.46862147372178,51.45037591457367,7.616161616161616,./MASTgraded/55_mel2/performances/55_mel2_per138459_pass.wav,3.6666666666666665
0.8650469861523973,0.8063449355883086,0.7530104851498657,0.5789033134046854,158.6265002977517,189.5499932576469,8.02020202020202,0.10353535353535354,0.12878787878787878,0.3282828282828283,0.4393939393939394,412.2847440057632,167.04559326171875,11.151515151515152,./MASTgraded/55_mel2/performances/55_mel2_per147758_fail.wav,1.5
0.9540966812737319,0.9336843924612702,0.8010036432608691,0.39867292334505033,88.82981752920331,90.61487271220224,7.21969696969697,0.06818181818181818,0.4065656565656566,0.20707070707070707,0.3181818181818182,203.66844681055858,108.20111083984375,9.454545454545455,./MASTgraded/55_mel2/performances/55_mel2_per148759_fail.wav,2.1666666666666665
0.9097821692619041,0.8312318427706614,0.6648427332922985,0.4210425738546384,122.89467138458382,138.40596260734833,7.525252525252525,0.1590909090909091,0.28535353535353536,0.15151515151515152,0.40404040404040403,312.920467350218,166.18111419677734,10.565656565656566,./MASTgraded/55_mel2/performances/55_mel2_per162559_fail.wav,1.5
0.6253223558176312,0.6386648481180061,0.362159162745092,0.06873770531820105,52.05211965134155,86.65977013223917,5.771689497716895,0.3744292237442922,0.3538812785388128,0.18949771689497716,0.0821917808219178,143.6501559864391,52.26342010498047,8.236363636363636,./MASTgraded/56_mel1/performances/56_mel1_per102758_pass.wav,1.8333333333333333
0.6077163422255346,0.5579515257561912,0.3550363567015369,0.07655207665941677,53.86021918031179,104.48472089872747,5.6826484018264845,0.4497716894977169,0.2945205479452055,0.1689497716894977,0.0867579908675799,154.633796414462,50.936492919921875,8.263636363636364,./MASTgraded/56_mel1/performances/56_mel1_per112859_pass.wav,3.3333333333333335
0.5329428196301735,0.3965763486931146,0.2878721678361443,0.04040383496040477,32.25480279095097,59.477074271977926,5.075342465753424,0.5821917808219178,0.271689497716895,0.091324200913242,0.0547945205479452,88.20181884765626,38.350181579589844,7.345454545454546,./MASTgraded/56_mel1/performances/56_mel1_per123658_pass.wav,4.0
0.6812576621071385,0.7063054322659595,0.46579573258596685,0.27303119935231634,53.21076549024887,69.24630278701248,5.958904109589041,0.3675799086757991,0.3333333333333333,0.1643835616438356,0.13470319634703196,143.0905186739835,59.54328918457031,8.5,./MASTgraded/56_mel1/performances/56_mel1_per129658_pass.wav,3.6666666666666665
0.8555831483794756,0.8005164700875365,0.7332679690464347,0.6114225581678281,212.9051306040864,216.25303314769462,8.527397260273972,0.2100456621004566,0.15753424657534246,0.12100456621004566,0.5114155251141552,534.6790582830256,415.67118072509766,12.572727272727272,./MASTgraded/56_mel1/performances/56_mel1_per142959_fail.wav,1.0
0.7566167357697848,0.6832186105041118,0.5804715154809652,0.1573086380683006,48.77702582372378,55.83564939620043,6.006849315068493,0.2853881278538813,0.4223744292237443,0.1917808219178082,0.1004566210045662,115.33155254017223,53.037750244140625,8.090909090909092,./MASTgraded/56_mel1/performances/56_mel1_per162295_fail.wav,2.5
0.8004453579027798,0.6167828432986179,0.4721130864732566,0.28657428786529665,90.05049565284764,139.53244309830416,6.525114155251141,0.3447488584474886,0.271689497716895,0.1780821917808219,0.2054794520547945,273.2288704612038,74.72740173339844,10.054545454545455,./MASTgraded/56_mel1/performances/56_mel1_per162959_fail.wav,1.5
0.5242911776870812,0.44045510735506127,0.3514210904974044,0.24203002864937812,84.52276433657293,134.94723383998675,5.9840182648401825,0.5365296803652968,0.182648401826484,0.045662100456621,0.23515981735159816,289.2945986661044,63.14929962158203,10.39090909090909,./MASTgraded/56_mel1/performances/56_mel1_per163160_fail.wav,1.8333333333333333
0.6634687470941891,0.6315013174495316,0.31079100734486764,0.172982482722489,81.85175623088122,202.5033095226293,5.936073059360731,0.3538812785388128,0.4178082191780822,0.1461187214611872,0.0821917808219178,264.77153306440874,46.07740783691406,8.89090909090909,./MASTgraded/56_mel1/performances/56_mel1_per167758_fail.wav,2.8333333333333335
0.719742291900278,0.63670821853583,0.4092949971807504,0.2538841137732387,90.32940234876659,124.19006857314662,6.5479452054794525,0.3287671232876712,0.3264840182648402,0.0958904109589041,0.24885844748858446,279.9616654829546,89.83537292480469,10.4,./MASTgraded/56_mel1/performances/56_mel1_per169995_fail.wav,2.0
0.7241401029365525,0.646345257603992,0.3833041977556914,0.20142320778834633,166.84178462964758,294.40428594364124,6.885844748858448,0.3698630136986301,0.3493150684931507,0.0319634703196347,0.24885844748858446,598.8344232039018,94.07176971435547,12.418181818181818,./MASTgraded/56_mel1/performances/56_mel1_per144060_fail.wav,1.6666666666666667
0.6873740694339686,0.5394589723646526,0.3082930287527446,0.21680399504506215,85.16254693296946,122.03801512463365,6.4132420091324205,0.3744292237442922,0.2990867579908676,0.09817351598173515,0.228310502283105,266.39786834716796,84.08517456054688,10.145454545454545,./MASTgraded/56_mel1/performances/56_mel1_per147959_fail.wav,1.1666666666666667
0.7849364256600225,0.7372113271770838,0.4818660159507251,0.06623405669746867,36.227835006365495,31.8614910816737,5.639269406392694,0.3105022831050228,0.4726027397260274,0.17579908675799086,0.0410958904109589,77.6218544699929,44.54447937011719,7.390909090909091,./MASTgraded/56_mel1/performances/56_mel1_per148659_pass.wav,3.6666666666666665
0.621828908453267,0.46900704836496854,0.17272414439676342,0.06677558276538732,28.603716079502888,32.708135761442556,5.180365296803653,0.5205479452054794,0.3584474885844749,0.08904109589041095,0.0319634703196347,66.77143180153587,36.99589157104492,6.918181818181818,./MASTgraded/56_mel1/performances/56_mel1_per155559_pass.wav,3.8333333333333335
0.7106486344655283,0.6843145945963228,0.618210643162409,0.5168235524420178,132.3046119724779,169.0424433693801,7.394977168949771,0.1872146118721461,0.19863013698630136,0.23515981735159816,0.3789954337899543,367.90281011408024,134.39169311523438,10.99090909090909,./MASTgraded/56_mel1/performances/56_mel1_per158160_fail.wav,1.0
0.7132494497699879,0.7874866813999295,0.5470795793185794,0.3680205557518713,85.8221070450735,130.7419024677275,6.563926940639269,0.2945205479452055,0.23972602739726026,0.2899543378995434,0.17579908675799086,236.66270294189454,92.25679779052734,9.545454545454545,./MASTgraded/56_mel1/performances/56_mel1_per161060_fail.wav,1.6666666666666667
0.7843432683554823,0.7362655167833182,0.5521687996461757,0.29482556086626993,47.539381192699416,40.58177901281318,6.073059360730594,0.2762557077625571,0.319634703196347,0.3242009132420091,0.07990867579908675,100.09433149857955,66.00694274902344,7.909090909090909,./MASTgraded/56_mel1/performances/56_mel1_per177659_pass.wav,3.5
0.7293636215436058,0.6273149754515267,0.45124241619549,0.0977915913732699,33.178495311301596,36.78291499225231,5.454337899543379,0.3995433789954338,0.410958904109589,0.15296803652968036,0.0365296803652968,76.16865338412198,40.819793701171875,7.336363636363636,./MASTgraded/56_mel1/performances/56_mel1_per193895_pass.wav,4.0
0.4113572542354351,0.3716822842593177,0.06886242628895477,0.00762078760201298,23.97753850510131,41.12641451499885,4.757990867579909,0.6438356164383562,0.2694063926940639,0.0547945205479452,0.0319634703196347,64.2274735884233,26.142318725585938,6.827272727272727,./MASTgraded/56_mel1/performances/56_mel1_per196559_pass.wav,4.0
0.7024665278277746,0.6221788396971636,0.49666368785395765,0.14643790167547777,41.836052777016,54.21872998741484,5.662100456621005,0.3401826484018265,0.4223744292237443,0.1461187214611872,0.091324200913242,101.76288355047052,48.45435333251953,7.9,./MASTgraded/56_mel1/performances/56_mel1_per198160_pass.wav,3.0
0.7913052958574442,0.7417164329821361,0.5805019000622067,0.4829724871655886,60.0819481641695,50.40828963781444,6.397849462365591,0.3010752688172043,0.15268817204301074,0.3333333333333333,0.2129032258064516,122.60785675048828,95.33551025390625,8.401709401709402,./MASTgraded/58_mel1/performances/58_mel1_per104359_pass.wav,2.6666666666666665
0.7374769966027819,0.6239298818078202,0.3511940512880253,0.264550033465296,96.25124469099826,148.23677983946706,6.462365591397849,0.44086021505376344,0.22365591397849463,0.03655913978494624,0.2989247311827957,297.2418027622068,194.56011962890625,10.512820512820513,./MASTgraded/58_mel1/performances/58_mel1_per110060_fail.wav,1.8333333333333333
0.7105629399318955,0.5823710431058975,0.12383021402485068,0.026616517440267575,31.790956909169434,48.5635803164198,5.219354838709678,0.5290322580645161,0.3419354838709677,0.07096774193548387,0.05806451612903226,82.2036392046855,32.258148193359375,7.222222222222222,./MASTgraded/58_mel1/performances/58_mel1_per112160_pass.wav,3.8333333333333335
0.9045443843253351,0.8452882085264508,0.6295547103202084,0.39041967618447976,94.50027882706735,135.28133428003397,6.933333333333334,0.1913978494623656,0.27956989247311825,0.31827956989247314,0.210752688172043,249.2562613701209,93.75079345703125,9.564102564102564,./MASTgraded/58_mel1/performances/58_mel1_per124259_fail.wav,1.5
0.9614319575969342,0.9167050352926229,0.9057429320372531,0.7709027996659428,151.50283610948952,118.2203352910525,8.436559139784947,0.04946236559139785,0.11397849462365592,0.15053763440860216,0.6860215053763441,314.6992310418023,183.52008056640625,10.743589743589743,./MASTgraded/58_mel1/performances/58_mel1_per140260_fail.wav,2.0
0.6317191673812307,0.545688315081869,0.3787143790078812,0.23747088137442332,399.9831415366101,542.0293577081892,8.505376344086022,0.27956989247311825,0.26881720430107525,0.09032258064516129,0.36129032258064514,1261.85383387101,861.8102722167969,15.316239316239317,./MASTgraded/58_mel1/performances/58_mel1_per143758_pass.wav,4.0
0.9501577789478378,0.878283098752902,0.7374394741919277,0.6097140318024938,284.45413264715546,332.2975023748402,9.083870967741936,0.14623655913978495,0.16129032258064516,0.09462365591397849,0.5978494623655914,806.3466451636747,430.46868896484375,13.914529914529915,./MASTgraded/58_mel1/performances/58_mel1_per149659_fail.wav,1.3333333333333333
0.8438513035895272,0.7484657954393122,0.5587712411730817,0.08657855047102435,81.42715795219586,171.15367727680257,6.329032258064516,0.210752688172043,0.5505376344086022,0.13763440860215054,0.1010752688172043,245.55218671937274,49.10003662109375,9.11965811965812,./MASTgraded/58_mel1/performances/58_mel1_per151060_pass.wav,3.6666666666666665
0.7100644919305543,0.6077465071588983,0.3678170760577247,0.1901271739300599,99.1218045450026,164.299300876106,6.526881720430108,0.35053763440860214,0.2924731182795699,0.06881720430107527,0.28817204301075267,307.1886783787328,142.09912109375,10.35897435897436,./MASTgraded/58_mel1/performances/58_mel1_per153995_pass.wav,2.5
0.8418659513308291,0.7817706649529258,0.3377518667808295,0.04565399491718511,53.90506423468231,113.01057004727548,5.83010752688172,0.3139784946236559,0.5290322580645161,0.09032258064516129,0.06666666666666667,149.62964905225314,41.72503662109375,8.025641025641026,./MASTgraded/58_mel1/performances/58_mel1_per155259_pass.wav,3.5
0.9152982561950357,0.8436356595806216,0.771643608052202,0.49490714711897704,136.3161322973108,131.31135395884627,7.765591397849462,0.15268817204301074,0.2903225806451613,0.17204301075268819,0.3849462365591398,327.3879662538186,252.9677848815918,10.957264957264957,./MASTgraded/58_mel1/performances/58_mel1_per158958_fail.wav,1.6666666666666667
0.9077909968161559,0.7918509974175637,0.4528359706421465,0.22887525530295008,65.47136821823736,137.44683018286776,6.120430107526881,0.2924731182795699,0.3548387096774194,0.27956989247311825,0.07311827956989247,183.97877263920938,55.08074951171875,8.401709401709402,./MASTgraded/58_mel1/performances/58_mel1_per163859_pass.wav,3.8333333333333335
0.7942265936658117,0.7049805948061701,0.5448135131353495,0.40083779231307975,74.39501244805513,95.28964447300167,6.486021505376344,0.2924731182795699,0.23870967741935484,0.2645161290322581,0.20430107526881722,197.89764917915704,83.197021484375,9.350427350427351,./MASTgraded/58_mel1/performances/58_mel1_per169759_fail.wav,2.0
0.5338037348984302,0.4121799947101326,0.1990157925661148,0.05346306199143347,29.663021563970915,45.48041628557498,4.997849462365592,0.5333333333333333,0.3311827956989247,0.09032258064516129,0.04516129032258064,78.70179686383304,36.890289306640625,7.17948717948718,./MASTgraded/58_mel1/performances/58_mel1_per171095_pass.wav,4.0
0.6734851081609518,0.4647923210286498,0.18844428662911827,0.0735336451075159,43.20063840163651,104.52011735475395,5.421505376344086,0.5075268817204301,0.26881720430107525,0.15053763440860216,0.07311827956989247,124.70517084741185,44.508636474609375,7.948717948717949,./MASTgraded/58_mel1/performances/58_mel1_per175685_pass.wav,3.1666666666666665
0.6124339862600597,0.5280525008783461,0.3604379745630093,0.19897237413837257,97.42903079678935,176.26549598819688,6.2494623655913975,0.4021505376344086,0.24516129032258063,0.15053763440860216,0.2021505376344086,318.90493531104846,65.71440124511719,10.256410256410257,./MASTgraded/58_mel1/performances/58_mel1_per177060_fail.wav,2.3333333333333335
0.9085968971820427,0.8476484963664022,0.5784323112031944,0.4445540874953141,109.43456221139559,120.93873529411471,7.335483870967742,0.15698924731182795,0.3118279569892473,0.11397849462365592,0.4172043010752688,269.21173493067425,165.08331298828125,10.213675213675213,./MASTgraded/58_mel1/performances/58_mel1_per130060_fail.wav,1.6666666666666667
0.8488610460360576,0.7881267113271785,0.692071871380162,0.48078133709149845,71.86411503720028,63.46263570893965,6.741935483870968,0.2129032258064516,0.2,0.32688172043010755,0.26021505376344084,143.93113273229355,102.35162353515625,8.581196581196581,./MASTgraded/58_mel1/performances/58_mel1_per132559_pass.wav,3.0
0.5511576239830295,0.38519141780399146,0.1642132746565789,0.1079903825302232,50.84644400868365,107.82619264976991,5.348387096774194,0.546236559139785,0.24946236559139784,0.08817204301075268,0.11612903225806452,161.45946697088388,38.4039306640625,8.35897435897436,./MASTgraded/58_mel1/performances/58_mel1_per133559_fail.wav,3.0
0.9435698227051453,0.9083482158868456,0.7931707401101039,0.666614415559592,99.32142148069155,73.42605500861738,7.580645161290323,0.0989247311827957,0.16559139784946236,0.3247311827956989,0.410752688172043,200.18855355336115,124.20478820800781,9.658119658119658,./MASTgraded/58_mel1/performances/58_mel1_per135559_fail.wav,1.5
0.7915064921476449,0.7013968835467921,0.5055538726679031,0.25367441275316616,82.8447350978318,89.12946009741249,6.733780760626399,0.28635346756152125,0.30201342281879195,0.09843400447427293,0.3131991051454139,223.3470857723483,148.30218505859375,10.008928571428571,./MASTgraded/59_mel1/performances/59_mel1_per100685_fail.wav,1.6666666666666667
0.6271503035114494,0.490524487762403,0.3612974192113968,0.09881611343485623,37.696117969434,65.48906327073094,5.348993288590604,0.47651006711409394,0.3691275167785235,0.10738255033557047,0.04697986577181208,101.07957961902555,36.86772310733795,7.473214285714286,./MASTgraded/59_mel1/performances/59_mel1_per107759_pass.wav,3.6666666666666665
0.6556604150073037,0.56699355059476,0.25155943949404147,0.03745210564266844,35.31171711525928,31.80907687832343,5.5480984340044746,0.3713646532438479,0.41387024608501116,0.1319910514541387,0.08277404921700224,81.13835133971381,44.07759094238281,7.526785714285714,./MASTgraded/59_mel1/performances/59_mel1_per110459_fail.wav,3.0
0.49496735022122,0.4094998221155272,0.2248784221652611,0.042020731931906904,25.2380913378675,28.330137007628696,4.901565995525727,0.5302013422818792,0.3221476510067114,0.1297539149888143,0.017897091722595078,60.3142674437591,37.666481018066406,6.928571428571429,./MASTgraded/59_mel1/performances/59_mel1_per113695_pass.wav,1.5
0.7004537381007658,0.5628403868252582,0.3424329115677146,0.13125511589884803,32.884167646468356,38.37877144275038,5.259507829977629,0.5279642058165548,0.31096196868008946,0.06487695749440715,0.09619686800894854,85.59087920188904,34.98883056640625,7.446428571428571,./MASTgraded/59_mel1/performances/59_mel1_per115060_pass.wav,3.0
0.46576156230966037,0.2576249699009079,0.06789394530959617,0.005070361821732556,16.813604625412815,17.007959384075676,4.519015659955257,0.7046979865771812,0.25279642058165547,0.040268456375838924,0.0022371364653243847,39.294633094753536,22.346256017684937,6.169642857142857,./MASTgraded/59_mel1/performances/59_mel1_per125558_pass.wav,4.0
0.8286823813633466,0.8039352088287471,0.5700868903267915,0.16236739365546873,45.11824023883615,31.354195360088713,6.140939597315437,0.18120805369127516,0.4563758389261745,0.3087248322147651,0.053691275167785234,85.96221477644784,60.23875427246094,7.544642857142857,./MASTgraded/59_mel1/performances/59_mel1_per126658_pass.wav,3.3333333333333335
0.6257275773521724,0.38044400396897415,0.11095477950248402,0.03590983205825265,27.336705987952165,32.541624245236136,5.199105145413871,0.5324384787472036,0.348993288590604,0.08501118568232663,0.03355704697986577,64.31189133439746,32.50715637207031,6.875,./MASTgraded/59_mel1/performances/59_mel1_per129295_pass.wav,2.8333333333333335
0.5857906714468075,0.40760735435574935,0.32110938918955945,0.03576226261143239,27.49601090374409,25.033941855413975,5.156599552572707,0.49217002237136465,0.39149888143176736,0.08277404921700224,0.03355704697986577,60.638868970530375,40.51904296875,6.883928571428571,./MASTgraded/59_mel1/performances/59_mel1_per131160_pass.wav,4.0
0.6330301602897908,0.6486082685674852,0.5507572033902198,0.49836227871812766,185.1765664063844,243.33239115399033,7.2460850111856825,0.3534675615212528,0.1789709172259508,0.1319910514541387,0.33557046979865773,566.1469008581979,389.8614807128906,12.642857142857142,./MASTgraded/59_mel1/performances/59_mel1_per134959_fail.wav,2.0
0.8003267972170718,0.7796279613622943,0.6635594673162648,0.5952597153130174,243.52670175570503,204.40129830582694,8.787472035794183,0.19910514541387025,0.12751677852348994,0.12751677852348994,0.5458612975391499,489.1655341557094,459.98830795288086,12.0,./MASTgraded/59_mel1/performances/59_mel1_per137559_fail.wav,1.0
0.5977897102348099,0.4652489834954418,0.3728278805432866,0.023560407835429436,26.70464228890353,23.337670925769377,5.223713646532438,0.5011185682326622,0.3624161073825503,0.116331096196868,0.020134228187919462,59.23770361287253,36.15394592285156,6.892857142857143,./MASTgraded/59_mel1/performances/59_mel1_per139160_pass.wav,4.0
0.8919577302377358,0.859586459898861,0.7629838206341866,0.4287402776588895,157.42510602431543,151.39936961814234,8.033557046979865,0.14541387024608501,0.2505592841163311,0.12751677852348994,0.47651006711409394,383.5326835821782,266.2591857910156,11.544642857142858,./MASTgraded/59_mel1/performances/59_mel1_per156260_fail.wav,1.1666666666666667
0.9090785469426247,0.8704285358629978,0.6803559237923379,0.6368133143946288,202.95865696521946,157.903674221167,8.738255033557047,0.2080536912751678,0.07606263982102908,0.042505592841163314,0.6733780760626398,425.7072860055736,287.04737854003906,11.848214285714286,./MASTgraded/59_mel1/performances/59_mel1_per160759_fail.wav,1.0
0.873354970084319,0.7379841699836734,0.5451285053597721,0.39803878213686794,102.41073419703733,116.03833548101476,7.080536912751678,0.2639821029082774,0.23937360178970918,0.17002237136465326,0.32662192393736017,279.3594508852278,140.51429748535156,10.491071428571429,./MASTgraded/59_mel1/performances/59_mel1_per172359_fail.wav,2.0
0.976566138875597,0.9613423368713926,0.923415466884325,0.8555307153442755,199.7247136420585,190.09069057057363,8.805369127516778,0.040268456375838924,0.13870246085011187,0.3131991051454139,0.5078299776286354,493.3116257531302,374.11114501953125,12.267857142857142,./MASTgraded/59_mel1/performances/59_mel1_per175659_fail.wav,1.0
0.7672710756442712,0.6879861265705305,0.394996490354345,0.20871744106558743,59.168526015025655,59.61807380363417,6.3042505592841165,0.27293064876957496,0.37583892617449666,0.16331096196868009,0.18791946308724833,146.73631046233433,75.55984497070312,8.767857142857142,./MASTgraded/59_mel1/performances/59_mel1_per118160_pass.wav,2.6666666666666665
0.8757401347356386,0.7974691653967967,0.7001401677148519,0.30525414948727564,101.92427453872075,137.84838304727396,6.8970917225950785,0.2214765100671141,0.3825503355704698,0.174496644295302,0.2214765100671141,310.2270178454263,78.16987609863281,10.669642857142858,./MASTgraded/59_mel1/performances/59_mel1_per120160_fail.wav,2.0
0.7358610225574349,0.6674496725464141,0.4382572254872648,0.1968111021010408,40.23218269136128,28.696504437209708,5.930648769574944,0.2796420581655481,0.3870246085011186,0.2975391498881432,0.035794183445190156,79.5826075247356,55.029052734375,7.535714285714286,./MASTgraded/59_mel1/performances/59_mel1_per123759_pass.wav,3.1666666666666665
0.7352329587122695,0.7657491022281756,0.6680137968389226,0.6304176477349844,158.43032595748602,168.781489709236,7.9284116331096195,0.19015659955257272,0.116331096196868,0.19239373601789708,0.5011185682326622,407.13726535013745,183.3320770263672,11.526785714285714,./MASTgraded/59_mel1/performances/59_mel1_per124559_fail.wav,1.0
0.868050577132364,0.8345999251430096,0.6633734467848273,0.30001972494812307,94.31990424410225,109.52575177629213,7.080786026200873,0.15502183406113537,0.314410480349345,0.3034934497816594,0.22707423580786026,250.48870876146398,96.77851867675781,10.017391304347827,./MASTgraded/62_mel1/performances/62_mel1_per1144742_fail.wav,2.1666666666666665
0.6658242006086078,0.5142005678564496,0.20775262215364715,0.06233166286230091,43.07403084700805,54.996976421601325,5.668122270742358,0.38209606986899564,0.42358078602620086,0.06331877729257641,0.13100436681222707,112.50565610139266,41.97809600830078,8.0,./MASTgraded/62_mel1/performances/62_mel1_per1155742_pass.wav,3.5
0.8504320736293951,0.7281705297107078,0.4965382211307707,0.34512730602261094,102.40469786798069,124.64687943456062,7.054585152838428,0.24017467248908297,0.24890829694323144,0.2096069868995633,0.30131004366812225,280.9972053859545,124.34915161132812,10.347826086956522,./MASTgraded/62_mel1/performances/62_mel1_per1216742_fail.wav,1.1666666666666667
0.7461762125191684,0.7105453897384609,0.5019939929838763,0.2481674115656964,44.43414326630305,40.62838051470315,5.899563318777292,0.3558951965065502,0.27074235807860264,0.28820960698689957,0.0851528384279476,100.57860585088315,66.62283325195312,7.956521739130435,./MASTgraded/62_mel1/performances/62_mel1_per1218752_pass.wav,3.0
0.6949994267112644,0.6108818891472477,0.30631290890795126,0.23023363564194935,85.70353752036281,142.32086486775924,6.170305676855895,0.44541484716157204,0.2838427947598253,0.07860262008733625,0.19213973799126638,285.99993471891986,54.15293884277344,10.156521739130435,./MASTgraded/62_mel1/performances/62_mel1_per1260752_fail.wav,1.6666666666666667
0.8000318385286663,0.7461585031853492,0.5790795491102294,0.3603239468957677,78.89088786429193,85.81250585328817,6.759825327510917,0.21179039301310043,0.31222707423580787,0.2183406113537118,0.2576419213973799,199.36027672809104,104.80937957763672,9.556521739130435,./MASTgraded/62_mel1/performances/62_mel1_per1591752_fail.wav,1.6666666666666667
0.8506297769333261,0.751240488373425,0.44428210254886463,0.25795884883495723,84.73065725268235,110.99124484561473,6.7663755458515285,0.2052401746724891,0.4170305676855895,0.15502183406113537,0.22270742358078602,238.75968972911005,91.4981689453125,9.826086956521738,./MASTgraded/62_mel1/performances/62_mel1_per1609742_fail.wav,2.3333333333333335
0.5819604622178198,0.431185184421444,0.20332222585469986,0.0705654192512381,34.48903019667713,35.95415498005641,5.491266375545852,0.43013100436681223,0.34934497816593885,0.1703056768558952,0.05021834061135371,79.91213325832202,45.459808349609375,7.460869565217391,./MASTgraded/62_mel1/performances/62_mel1_per1763742_fail.wav,2.0
0.8631706227347883,0.7546786555781925,0.6728112496445224,0.5046322202516464,156.2051304979616,158.95826366368794,7.8384279475982535,0.2052401746724891,0.20087336244541484,0.185589519650655,0.40829694323144106,388.8522389287534,306.9204864501953,11.382608695652173,./MASTgraded/62_mel1/performances/62_mel1_per1766742_fail.wav,1.5
0.5024710347876766,0.40760256090079894,0.1593741540346756,0.07229407062694265,39.609629735155394,67.42815747096093,5.205240174672489,0.6004366812227074,0.21615720524017468,0.07641921397379912,0.10698689956331878,118.95303583559783,38.84919738769531,8.008695652173913,./MASTgraded/62_mel1/performances/62_mel1_per1778742_fail.wav,3.0
0.6648418487732235,0.5046152855075037,0.3651446238888434,0.0962739179198736,34.52245267509893,36.27536424348539,5.460698689956332,0.42358078602620086,0.35152838427947597,0.18340611353711792,0.04148471615720524,78.52176089079484,44.42994689941406,7.321739130434783,./MASTgraded/62_mel1/performances/62_mel1_per1270752_pass.wav,3.5
0.7319558707601628,0.6385267977870583,0.4180445371721611,0.14867413458786907,54.610535201026885,69.79521258814887,6.133187772925764,0.27729257641921395,0.3537117903930131,0.28820960698689957,0.08078602620087336,134.69249745244565,59.369537353515625,8.356521739130434,./MASTgraded/62_mel1/performances/62_mel1_per1329742_fail.wav,2.8333333333333335
0.7540373800532959,0.6482694763032535,0.5848089211152009,0.13022745366423058,42.411799734856885,49.476131832104535,5.799126637554585,0.3034934497816594,0.5021834061135371,0.10262008733624454,0.09170305676855896,100.95436852496603,44.45182800292969,7.8,./MASTgraded/62_mel1/performances/62_mel1_per1389742_fail.wav,2.6666666666666665
0.7309533403261477,0.5585826868833333,0.3015612920591829,0.11391250915809714,38.474566730349345,33.430181980962544,5.709606986899563,0.3799126637554585,0.3406113537117904,0.2205240174672489,0.05895196506550218,87.42212577488111,55.923736572265625,7.695652173913044,./MASTgraded/62_mel1/performances/62_mel1_per1407742_pass.wav,3.5
0.7599251372698179,0.6729138414776541,0.4078440380619984,0.03631410006330325,33.41368696054517,25.93685582570964,5.5895196506550215,0.33624454148471616,0.5,0.14410480349344978,0.019650655021834062,63.34844519573709,44.917755126953125,7.173913043478261,./MASTgraded/62_mel1/performances/62_mel1_per1458732_pass.wav,3.8333333333333335
0.6736035374183754,0.6016902714011668,0.32904744116895884,0.1175786171504243,33.760275495104395,29.275912831377635,5.5,0.3930131004366812,0.37336244541484714,0.20087336244541484,0.03275109170305677,75.71283436650815,47.592559814453125,7.51304347826087,./MASTgraded/62_mel1/performances/62_mel1_per1828732_pass.wav,3.5
0.6782844021179858,0.5446101600963422,0.3399944199163348,0.08738073753627931,33.21160348950515,45.64637875874383,5.320960698689956,0.5480349344978166,0.27292576419213976,0.13755458515283842,0.04148471615720524,85.27080874235733,40.49476623535156,7.391304347826087,./MASTgraded/62_mel1/performances/62_mel1_per1838752_pass.wav,4.0
0.6698499752394785,0.6536074041621345,0.5562535951495048,0.4120840904522489,150.70673560263288,174.94170127005086,7.37117903930131,0.27510917030567683,0.2052401746724891,0.13973799126637554,0.3799126637554585,418.4365820843241,286.3733367919922,11.57391304347826,./MASTgraded/62_mel1/performances/62_mel1_per1849752_pass.wav,3.1666666666666665
0.7171889651794199,0.6202306908256727,0.14740332833124248,0.008103160012338356,31.44350190141836,34.111208171833084,5.38646288209607,0.3777292576419214,0.5021834061135371,0.0851528384279476,0.034934497816593885,70.21633168096128,37.45936584472656,7.069565217391304,./MASTgraded/62_mel1/performances/62_mel1_per1872742_pass.wav,3.6666666666666665
0.9474361912931784,0.8976472834772208,0.6164038156002885,0.5811012505805323,158.77007243726973,136.31019836032323,8.109170305676855,0.18777292576419213,0.185589519650655,0.1462882096069869,0.48034934497816595,342.65769547172215,312.25042724609375,11.0,./MASTgraded/62_mel1/performances/62_mel1_per1988742_fail.wav,1.0
0.8748439448830433,0.8488925039999058,0.7178250555983394,0.6650014433018555,227.5359907872793,207.48031916453687,8.770731707317074,0.14634146341463414,0.15121951219512195,0.15853658536585366,0.5439024390243903,528.1952381134033,406.6625654697418,12.504854368932039,./MASTgraded/63_mel2/performances/63_mel2_per1349742_fail.wav,1.0
0.5945006761134125,0.4601395313101005,0.2734245610036936,0.24839578039713447,62.36187884504112,78.68434896407868,5.8707317073170735,0.4658536585365854,0.22195121951219512,0.06097560975609756,0.25121951219512195,188.23313670482452,100.02689552307129,9.504854368932039,./MASTgraded/63_mel2/performances/63_mel2_per1029742_fail.wav,1.5
0.7160997815064447,0.6477234693302256,0.31755405194930264,0.04968706018740166,51.612010796186404,88.76425451368156,5.904878048780488,0.36585365853658536,0.33170731707317075,0.23170731707317074,0.07073170731707316,134.80268597487108,53.939735412597656,8.145631067961165,./MASTgraded/63_mel2/performances/63_mel2_per1106742_pass.wav,4.0
0.8385015802891418,0.8055992865923843,0.6265808033345709,0.5115392411056785,225.6378673203471,189.66273906606446,8.753658536585366,0.17560975609756097,0.14390243902439023,0.11707317073170732,0.5634146341463414,479.29079963194516,426.1936056241393,12.0,./MASTgraded/63_mel2/performances/63_mel2_per1137742_fail.wav,1.0
0.9464554185604536,0.9352167295916001,0.8418461226737959,0.6697453443355403,234.9748222307461,187.15940388255507,8.946341463414635,0.08536585365853659,0.1975609756097561,0.17073170731707318,0.5463414634146342,471.6509835326556,380.47934007644653,11.932038834951456,./MASTgraded/63_mel2/performances/63_mel2_per1158742_fail.wav,1.0
0.8506760851711747,0.8116606650204767,0.5596258600119111,0.15436269831601399,45.28496048108833,59.36680013896444,5.9365853658536585,0.2780487804878049,0.4853658536585366,0.17560975609756097,0.06097560975609756,109.19852464870341,48.23751664161682,7.912621359223301,./MASTgraded/63_mel2/performances/63_mel2_per1176742_fail.wav,3.0
0.5856029417784786,0.46784159853180035,0.27273936267087984,0.19107823282264796,81.55480626349042,106.71106287258692,6.295121951219512,0.4146341463414634,0.21707317073170732,0.1024390243902439,0.2658536585365854,247.63708890988988,121.03517436981201,10.106796116504855,./MASTgraded/63_mel2/performances/63_mel2_per1203742_fail.wav,1.8333333333333333
0.8772800772016014,0.690624496535911,0.41249361084857683,0.20772537510390635,68.07718370513219,100.46264223793993,6.304878048780488,0.2951219512195122,0.36341463414634145,0.20243902439024392,0.13902439024390245,192.22540342923506,62.925079345703125,9.194174757281553,./MASTgraded/63_mel2/performances/63_mel2_per1366742_fail.wav,2.0
0.699284819121333,0.5351773299690388,0.380232987897384,0.1033020368415574,30.170269101131254,30.14163362852965,5.317073170731708,0.4317073170731707,0.4024390243902439,0.14390243902439023,0.02195121951219512,66.79045513648431,41.64080047607422,7.106796116504855,./MASTgraded/63_mel2/performances/63_mel2_per1378742_pass.wav,3.8333333333333335
0.6976051588224501,0.6155254678701603,0.3953441669758671,0.29239608406416345,62.303353318935486,71.23697548157399,6.175609756097561,0.3853658536585366,0.2,0.1975609756097561,0.21707317073170732,160.60080590902024,96.82330322265625,8.970873786407767,./MASTgraded/63_mel2/performances/63_mel2_per1379742_fail.wav,1.6666666666666667
0.7406301746949653,0.6075432033952095,0.43014694519517077,0.08991652723718863,55.17634003424063,98.69195424994746,5.865853658536586,0.40487804878048783,0.40487804878048783,0.09024390243902439,0.1,157.95737364454178,45.305809020996094,8.466019417475728,./MASTgraded/63_mel2/performances/63_mel2_per1481742_pass.wav,3.8333333333333335
0.648115281514527,0.6079061571004409,0.3518839940597202,0.06927854773709058,52.2641993247018,113.49902642307238,5.487804878048781,0.5097560975609756,0.3024390243902439,0.11463414634146342,0.07317073170731707,162.52874974712947,37.77167510986328,8.194174757281553,./MASTgraded/63_mel2/performances/63_mel2_per1495742_pass.wav,3.8333333333333335
0.7852400085267313,0.7899078459425289,0.7038359998013369,0.6519432023077171,138.47869866197792,155.2389817296373,7.648780487804878,0.18536585365853658,0.11463414634146342,0.2731707317073171,0.4268292682926829,365.4842762507281,146.82797241210938,11.009708737864077,./MASTgraded/63_mel2/performances/63_mel2_per1272742_fail.wav,1.0
0.8036563093170366,0.7454839642059633,0.47868601667142885,0.24602014189861243,97.07688741836606,109.82799421911476,6.909756097560976,0.25609756097560976,0.3146341463414634,0.1,0.32926829268292684,267.1648402086739,151.88308238983154,10.310679611650485,./MASTgraded/63_mel2/performances/63_mel2_per1288732_fail.wav,1.3333333333333333
0.6350232875371603,0.5129883733927618,0.09559143345050353,0.040341703468468826,47.353160874218474,105.42748439409155,5.365853658536586,0.5292682926829269,0.35853658536585364,0.04878048780487805,0.06341463414634146,144.6818083559425,29.596599578857422,7.757281553398058,./MASTgraded/63_mel2/performances/63_mel2_per1294742_pass.wav,3.8333333333333335
0.6879682367077052,0.5642493335458434,0.4656953691819513,0.46836860469783714,175.60833094083682,203.71542238166015,7.790243902439024,0.3097560975609756,0.11951219512195121,0.17073170731707318,0.4,495.2215006386192,325.1399984359741,12.223300970873787,./MASTgraded/63_mel2/performances/63_mel2_per1304742_fail.wav,1.0
0.6844028687109158,0.4586821176585833,0.22245781774769832,0.05727218292158484,34.556200131610396,53.12424196052314,5.446341463414634,0.4585365853658537,0.375609756097561,0.12439024390243902,0.041463414634146344,85.31372822452228,37.76046562194824,7.29126213592233,./MASTgraded/63_mel2/performances/63_mel2_per1653742_pass.wav,3.8333333333333335
0.5174524809463914,0.33062473674895904,0.1273343719301074,0.005330891252881664,19.844871565572372,22.116742354424108,4.709756097560976,0.6219512195121951,0.3463414634146341,0.02195121951219512,0.00975609756097561,44.257438668926945,25.91564178466797,6.330097087378641,./MASTgraded/63_mel2/performances/63_mel2_per1782742_pass.wav,4.0
0.5717066575050871,0.4782655096220214,0.21346089261461107,0.05907468591351545,32.22839820937413,45.36583075488635,5.309756097560975,0.5146341463414634,0.3024390243902439,0.14390243902439023,0.03902439024390244,81.5242259583427,38.9110107421875,7.330097087378641,./MASTgraded/63_mel2/performances/63_mel2_per1809742_pass.wav,3.3333333333333335
0.6984408404849374,0.6445065166753263,0.3042326825968002,0.08187641987713834,36.59471099972725,52.32383961729648,5.53170731707317,0.3878048780487805,0.43658536585365854,0.13658536585365855,0.03902439024390244,85.35161966837725,44.072418212890625,7.407766990291262,./MASTgraded/63_mel2/performances/63_mel2_per1924742_pass.wav,2.8333333333333335
0.8318244852254517,0.7122561477131627,0.4907840512577602,0.33446042384082875,97.9956262545724,152.13791017334913,6.799472295514512,0.2717678100263852,0.2770448548812665,0.15567282321899736,0.2955145118733509,282.2556325812089,131.75381469726562,10.126315789473685,./MASTgraded/67_mel1/performances/67_mel1_per1019732_fail.wav,2.5
0.8731396424911698,0.7428811790507086,0.6289689120234935,0.5053768838754745,82.69844766782896,67.85688926173272,7.087071240105541,0.16358839050131926,0.19261213720316622,0.3641160949868074,0.2796833773087071,178.19429485923365,117.23274230957031,9.294736842105262,./MASTgraded/67_mel1/performances/67_mel1_per1043752_fail.wav,1.6666666666666667
0.6585474409280596,0.6279523925469586,0.46337594786937186,0.20840271341756508,61.551781587676196,74.04524549099082,6.1345646437994725,0.3034300791556728,0.29023746701846964,0.23482849604221637,0.17150395778364116,160.85976124813683,67.47543334960938,8.83157894736842,./MASTgraded/67_mel1/performances/67_mel1_per1134742_fail.wav,2.6666666666666665
0.9141252272618162,0.8409793301079092,0.6642302230637298,0.27963579867730026,59.73307889118043,51.438983638705956,6.577836411609499,0.16358839050131926,0.35356200527704484,0.33509234828496043,0.14775725593667546,124.91606005618446,78.40050911903381,8.48421052631579,./MASTgraded/67_mel1/performances/67_mel1_per1177752_fail.wav,2.6666666666666665
0.6413014629983103,0.5494231710721854,0.2938630959514144,0.14374583901401927,44.26461573578123,48.668418817811656,5.788918205804749,0.39841688654353563,0.3034300791556728,0.1820580474934037,0.11609498680738786,110.38759041334454,57.18255615234375,8.105263157894736,./MASTgraded/67_mel1/performances/67_mel1_per1184752_fail.wav,2.1666666666666665
0.8217942368322325,0.7042699089036707,0.33802225742556274,0.11631521936240977,40.58196479695454,37.02330969170102,5.897097625329815,0.24802110817941952,0.47229551451187335,0.24274406332453827,0.036939313984168866,80.63757725765831,53.96473693847656,7.389473684210526,./MASTgraded/67_mel1/performances/67_mel1_per1559742_pass.wav,3.8333333333333335
0.8840806297296023,0.7998305889219668,0.7002365141368022,0.5081219517707535,101.57835879111983,123.31911222761012,7.195250659630607,0.15303430079155672,0.22691292875989447,0.34300791556728233,0.2770448548812665,259.20424201864944,110.15595149993896,9.968421052631578,./MASTgraded/67_mel1/performances/67_mel1_per1562742_fail.wav,1.5
0.7728563071161341,0.7014498236089839,0.43122133210383684,0.08446311249934352,32.73564179119774,22.817810284181835,5.62269129287599,0.34564643799472294,0.48548812664907653,0.15303430079155672,0.0158311345646438,62.37349990041633,43.45115661621094,7.073684210526316,./MASTgraded/67_mel1/performances/67_mel1_per1588732_pass.wav,3.1666666666666665
0.8397531322369184,0.7610341566198822,0.6094433104553251,0.5199528686066114,243.3267823372793,211.47947243703342,8.936675461741425,0.14775725593667546,0.18997361477572558,0.052770448548812667,0.6094986807387863,540.0308498031214,414.4418182373047,12.48421052631579,./MASTgraded/67_mel1/performances/67_mel1_per1590752_fail.wav,1.0
0.7245187116596272,0.6120624465179892,0.5095309035094785,0.4383755624546205,166.07841282217987,170.4028111573792,7.667546174142481,0.2928759894459103,0.1424802110817942,0.12401055408970976,0.44063324538258575,411.8736280893025,365.9579448699951,11.547368421052632,./MASTgraded/67_mel1/performances/67_mel1_per1597742_fail.wav,1.8333333333333333
0.7114316661977852,0.6500344673994523,0.44401408779022405,0.23152547335408044,59.37766144080653,85.95588042745642,6.029023746701847,0.35092348284960423,0.29023746701846964,0.20316622691292877,0.15567282321899736,164.1587897802654,69.95428466796875,8.757894736842106,./MASTgraded/67_mel1/performances/67_mel1_per1198742_fail.wav,2.1666666666666665
0.8217591649290088,0.7439229366484615,0.5851354717660338,0.2618854369042954,46.15073436545823,39.50370844998959,6.129287598944591,0.21108179419525067,0.41688654353562005,0.316622691292876,0.055408970976253295,93.352739876195,67.50959777832031,7.7894736842105265,./MASTgraded/67_mel1/performances/67_mel1_per1374742_pass.wav,3.3333333333333335
0.8413232470848171,0.7694867100619006,0.6611506375330201,0.4623322992755282,92.96434444708056,89.80247792268763,7.237467018469657,0.18469656992084432,0.20316622691292877,0.25065963060686014,0.36147757255936674,209.5381628764303,126.7535400390625,9.736842105263158,./MASTgraded/67_mel1/performances/67_mel1_per1393742_fail.wav,2.1666666666666665
0.7213767131146599,0.5689933492043283,0.3020498575829896,0.09234395459332863,39.630327383257786,30.526769502618674,5.860158311345646,0.29815303430079154,0.42480211081794195,0.22427440633245382,0.052770448548812667,82.29902182629233,51.76411724090576,7.6,./MASTgraded/67_mel1/performances/67_mel1_per1428732_fail.wav,3.6666666666666665
0.6894587214797449,0.5676024324840692,0.19476498041844476,0.029299985591334596,26.354099474984928,26.81918643091929,5.176781002638522,0.5065963060686016,0.38522427440633245,0.079155672823219,0.029023746701846966,59.262166700865095,31.87042999267578,6.842105263157895,./MASTgraded/67_mel1/performances/67_mel1_per1548742_pass.wav,4.0
0.727010645046058,0.6531329180507498,0.37048562688984366,0.10637168716171669,49.809608268234534,65.76344269688055,5.984168865435357,0.3113456464379947,0.38258575197889183,0.21372031662269128,0.09234828496042216,120.59616704238088,55.080810546875,8.073684210526316,./MASTgraded/67_mel1/performances/67_mel1_per1700752_pass.wav,3.8333333333333335
0.8476938203964077,0.7413497416782736,0.42199783251538137,0.19341241245995303,65.07760341123415,83.01031811538107,6.356200527704486,0.24274406332453827,0.41688654353562005,0.15303430079155672,0.18733509234828497,176.1101259758598,61.6649169921875,9.010526315789473,./MASTgraded/67_mel1/performances/67_mel1_per1837742_fail.wav,2.5
0.7686466128532755,0.7372562150350915,0.57326358940132,0.18811557307573915,69.33990031756008,86.42201204226662,6.345646437994723,0.26649076517150394,0.39313984168865435,0.15567282321899736,0.18469656992084432,191.4060202614257,72.71699523925781,9.284210526315789,./MASTgraded/67_mel1/performances/67_mel1_per1838732_fail.wav,2.0
0.578394783868687,0.43491634072617913,0.2634553187809806,0.13175600455341505,43.48400828454614,50.58663742381516,5.567282321899736,0.46701846965699206,0.2559366754617414,0.12928759894459102,0.14775725593667546,117.91786888524106,54.611358642578125,8.294736842105262,./MASTgraded/67_mel1/performances/67_mel1_per1846742_fail.wav,2.5
0.46400826830521147,0.3472473757989645,0.09008541348408844,0.023408113593472786,33.16865751862841,69.45956533548937,5.005277044854881,0.5646437994722955,0.29023746701846964,0.079155672823219,0.06596306068601583,95.18964994832089,30.383758544921875,7.3578947368421055,./MASTgraded/67_mel1/performances/67_mel1_per1917752_pass.wav,4.0
0.8008358063309198,0.7098590378400091,0.5109601984295444,0.19883190209364163,69.17163942374435,88.9553424881961,6.3431372549019605,0.30392156862745096,0.3284313725490196,0.16666666666666666,0.20098039215686275,192.08345271091835,88.10020446777344,9.352941176470589,./MASTgraded/68_mel1/performances/68_mel1_per1004742_fail.wav,2.1666666666666665
0.9251392084964623,0.8734000800860824,0.7844941944440238,0.6302867579660092,231.96343900643143,311.79023727904035,8.41421568627451,0.11029411764705882,0.18627450980392157,0.16911764705882354,0.5343137254901961,704.0844665228152,208.943603515625,12.901960784313726,./MASTgraded/68_mel1/performances/68_mel1_per1009742_fail.wav,2.0
0.8483913737493436,0.7968688962345234,0.6433755611092262,0.6221213399749285,189.82720169366576,183.77758458997576,8.276960784313726,0.22303921568627452,0.09313725490196079,0.07352941176470588,0.6102941176470589,439.8961537679036,232.005615234375,11.5,./MASTgraded/68_mel1/performances/68_mel1_per1181752_fail.wav,1.0
0.7630556034791949,0.5862248855335899,0.33317465752490744,0.1853730251198681,43.36945846034031,45.19262712627378,5.78921568627451,0.4215686274509804,0.2622549019607843,0.20833333333333334,0.10784313725490197,107.078815908993,61.75666809082031,8.029411764705882,./MASTgraded/68_mel1/performances/68_mel1_per1195742_pass.wav,4.0
0.7868429186997887,0.7629632872818422,0.5744972050066094,0.4024128106336524,131.66407046598547,123.21593752996033,7.561274509803922,0.23284313725490197,0.19362745098039216,0.09313725490196079,0.4803921568627451,308.83705647786456,243.3494873046875,10.696078431372548,./MASTgraded/68_mel1/performances/68_mel1_per1199742_fail.wav,2.1666666666666665
0.7242182561040188,0.7128134234996134,0.48220717587781814,0.26987089961218297,74.00390595080806,104.6406087641945,6.313725490196078,0.3602941176470588,0.2867647058823529,0.1715686274509804,0.18137254901960784,221.14355977376303,68.77102661132812,9.588235294117647,./MASTgraded/68_mel1/performances/68_mel1_per1540742_fail.wav,2.0
0.8510191439966769,0.8095963847067772,0.7372761984169395,0.6104296414248545,216.94465622247435,210.14304918921474,8.622549019607844,0.12745098039215685,0.1715686274509804,0.12254901960784313,0.5784313725490197,528.8208259133731,452.49268341064453,12.264705882352942,./MASTgraded/68_mel1/performances/68_mel1_per1637742_fail.wav,1.0
0.896402335128856,0.8949609807289877,0.7036558836452926,0.5123011709148426,101.46952244814705,96.01120214635712,7.397058823529412,0.10049019607843138,0.26715686274509803,0.3088235294117647,0.3235294117647059,244.34678892995797,155.29856872558594,10.049019607843137,./MASTgraded/68_mel1/performances/68_mel1_per1643742_fail.wav,2.0
0.7123967244586789,0.5788806394745077,0.34290025107427263,0.17360120169494267,55.60715017131731,77.86280885086752,5.9338235294117645,0.3946078431372549,0.2965686274509804,0.14950980392156862,0.15931372549019607,156.1455395268459,65.95047760009766,8.735294117647058,./MASTgraded/68_mel1/performances/68_mel1_per1651742_fail.wav,2.3333333333333335
0.7047307492771592,0.530733611727422,0.297206912321552,0.09088612172109894,37.904150981529085,32.05589588180245,5.678921568627451,0.34558823529411764,0.39705882352941174,0.20588235294117646,0.051470588235294115,82.92172375847312,50.473114013671875,7.578431372549019,./MASTgraded/68_mel1/performances/68_mel1_per1680752_pass.wav,3.5
0.8453517947608823,0.7971689660104415,0.7048616186144333,0.6355900534509664,148.47799375945448,125.69604385192586,8.107843137254902,0.17647058823529413,0.07598039215686274,0.17401960784313725,0.5735294117647058,323.7891411874809,229.76976013183594,10.833333333333334,./MASTgraded/68_mel1/performances/68_mel1_per1795742_fail.wav,1.0
0.8281426120639348,0.7821146637588783,0.630011721096443,0.3385382640746445,84.20478955437156,99.90191536499326,6.801470588235294,0.22794117647058823,0.3088235294117647,0.24754901960784315,0.21568627450980393,229.85858992034315,81.1453857421875,9.813725490196079,./MASTgraded/68_mel1/performances/68_mel1_per1910742_fail.wav,2.1666666666666665
0.9352066135409552,0.9054205282346325,0.8060797511124316,0.6763229593293272,124.69977885601567,114.17621612993176,7.745098039215686,0.12009803921568628,0.2034313725490196,0.25735294117647056,0.41911764705882354,301.6834296432196,183.91673278808594,10.696078431372548,./MASTgraded/68_mel1/performances/68_mel1_per1938752_fail.wav,1.5
0.7489854330572195,0.6246358028606465,0.3594666052291156,0.11454547809565167,57.03494004642262,73.01151278525577,6.171568627450981,0.28431372549019607,0.39705882352941174,0.19117647058823528,0.12745098039215685,149.8235528983322,61.192291259765625,8.627450980392156,./MASTgraded/68_mel1/performances/68_mel1_per1972742_pass.wav,3.5
0.7446706563656145,0.72219008751323,0.5163375086687375,0.3562798523832964,67.36280718036727,75.01573506687721,6.480392156862745,0.25735294117647056,0.29411764705882354,0.2647058823529412,0.18382352941176472,167.78018038880592,78.11050415039062,9.07843137254902,./MASTgraded/68_mel1/performances/68_mel1_per1283742_pass.wav,2.6666666666666665
0.8108181236303964,0.7482930643356515,0.6153436565326422,0.4451529074480452,86.76842197133045,110.67517146774621,6.688725490196078,0.27941176470588236,0.23284313725490197,0.26715686274509803,0.22058823529411764,240.01447166648566,84.88900756835938,9.901960784313726,./MASTgraded/68_mel1/performances/68_mel1_per1365742_pass.wav,3.3333333333333335
0.8778661954927774,0.8137192128916165,0.6983212840133848,0.5477756250840982,125.07564681184058,136.26544356478973,7.485294117647059,0.14460784313725492,0.2647058823529412,0.24754901960784315,0.3431372549019608,343.1589389127844,153.3595428466797,10.970588235294118,./MASTgraded/68_mel1/performances/68_mel1_per1435742_fail.wav,1.0
0.6608679394917645,0.5531798861338886,0.3399131497669023,0.0693402505504105,40.577981313069664,32.83368941452945,5.762254901960785,0.33088235294117646,0.33578431372549017,0.27205882352941174,0.061274509803921566,86.19296833113128,62.52796936035156,7.568627450980392,./MASTgraded/68_mel1/performances/68_mel1_per1446742_pass.wav,4.0
0.8490779238510237,0.7440096410303755,0.6281041864871096,0.26895183236513304,71.30082526861453,81.41644971771332,6.556372549019608,0.23039215686274508,0.33578431372549017,0.2622549019607843,0.1715686274509804,183.14961990655638,79.27241516113281,9.176470588235293,./MASTgraded/68_mel1/performances/68_mel1_per1235742_fail.wav,1.6666666666666667
0.590262096471966,0.4862992638477749,0.2542986682858284,0.07937421296850984,32.39213857463762,36.89266065065342,5.323529411764706,0.47549019607843135,0.3382352941176471,0.12254901960784313,0.06372549019607843,80.87556711832683,38.96327209472656,7.470588235294118,./MASTgraded/68_mel1/performances/68_mel1_per1479742_pass.wav,3.0
0.9069582052298933,0.8687334951836044,0.8068198787919915,0.7297675445596082,242.2780147215136,306.33706840943694,8.698412698412698,0.12244897959183673,0.10204081632653061,0.23129251700680273,0.54421768707483,706.1342515000352,211.47540283203125,13.00900900900901,./MASTgraded/69_mel1/performances/69_mel1_per1126742_fail.wav,1.0
0.8692240312817198,0.7193560287033912,0.6334696136279376,0.5584651482499359,234.7720749697177,214.09056777375707,8.718820861678005,0.19954648526077098,0.1564625850340136,0.08616780045351474,0.5578231292517006,523.8363404145111,392.57208251953125,12.396396396396396,./MASTgraded/69_mel1/performances/69_mel1_per1132742_fail.wav,1.0
0.8158908318615827,0.7434828722268819,0.5534288223236704,0.36337542981698423,205.9479070477475,323.2126094398485,7.6145124716553285,0.2653061224489796,0.24263038548752835,0.2199546485260771,0.272108843537415,703.9557660077069,141.80093383789062,12.90990990990991,./MASTgraded/69_mel1/performances/69_mel1_per1135742_fail.wav,2.8333333333333335
0.7055211693939987,0.4476169492206697,0.22603143321089356,0.12575663515340507,58.71010660530488,127.26786656215393,5.687074829931973,0.46938775510204084,0.30385487528344673,0.1111111111111111,0.11564625850340136,183.8320705654385,40.94383239746094,8.63063063063063,./MASTgraded/69_mel1/performances/69_mel1_per1154742_fail.wav,3.0
0.8294768060100955,0.7133664208174292,0.465817378281971,0.2015509580574643,74.0267676182615,84.31921100856862,6.575963718820861,0.26077097505668934,0.37188208616780044,0.09523809523809523,0.272108843537415,199.10612639006195,130.3153076171875,9.477477477477477,./MASTgraded/69_mel1/performances/69_mel1_per1207742_fail.wav,1.6666666666666667
0.7779467995036428,0.684201897440717,0.4024964599086136,0.18792713211865117,49.82348883665608,46.086206705098625,6.179138321995465,0.24263038548752835,0.3673469387755102,0.2834467120181406,0.10657596371882086,107.69052172136736,63.88629150390625,8.09009009009009,./MASTgraded/69_mel1/performances/69_mel1_per1423742_pass.wav,3.6666666666666665
0.738712172104052,0.5349617033310553,0.3407625877219477,0.1406716213739086,54.892131788119706,72.35578734397406,6.1020408163265305,0.3242630385487528,0.31065759637188206,0.23582766439909297,0.1292517006802721,138.19367640727276,68.60079956054688,8.45045045045045,./MASTgraded/69_mel1/performances/69_mel1_per1426742_fail.wav,3.0
0.6543398288072965,0.5888020526176965,0.45181624444606594,0.10851785955688213,58.78153766796432,84.66051277199573,5.916099773242631,0.3424036281179138,0.3764172335600907,0.12018140589569161,0.16099773242630386,169.66117570206924,56.66546630859375,8.846846846846846,./MASTgraded/69_mel1/performances/69_mel1_per1445742_pass.wav,4.0
0.6620987437799973,0.5983104394653181,0.3931729814148671,0.17420038442344526,51.74336584355015,65.08447446116804,5.984126984126984,0.34467120181405897,0.3333333333333333,0.18594104308390022,0.1360544217687075,130.8688932882773,61.445465087890625,8.396396396396396,./MASTgraded/69_mel1/performances/69_mel1_per1473742_pass.wav,3.6666666666666665
0.8505695619739221,0.6893883260287067,0.6298340711092058,0.3549168056674735,64.01152077499701,60.72517484433918,6.521541950113379,0.21315192743764172,0.3310657596371882,0.2471655328798186,0.20861678004535147,146.2180000855042,88.50946044921875,8.702702702702704,./MASTgraded/69_mel1/performances/69_mel1_per1579752_fail.wav,2.0
0.8059649398530838,0.6806330058852368,0.37516080121180095,0.21449061280600187,74.02197124628253,81.4908882845798,6.73922902494331,0.17233560090702948,0.3786848072562358,0.22448979591836735,0.22448979591836735,181.6311597050847,91.30630493164062,9.198198198198199,./MASTgraded/69_mel1/performances/69_mel1_per1620752_pass.wav,3.0
0.8505514251563124,0.8356327611954474,0.7825066738720264,0.7686888506616071,412.68765091733866,364.33293239523516,10.165532879818594,0.12018140589569161,0.045351473922902494,0.1927437641723356,0.6417233560090703,900.2383071581522,766.7705383300781,14.108108108108109,./MASTgraded/69_mel1/performances/69_mel1_per1620762_fail.wav,1.1666666666666667
0.8603450775504464,0.8562527676781377,0.8147007892433039,0.6636060795713226,204.76650111745545,177.964211193762,8.854875283446711,0.1111111111111111,0.13378684807256236,0.08390022675736962,0.671201814058957,455.3998907965583,289.130126953125,11.936936936936936,./MASTgraded/69_mel1/performances/69_mel1_per1646742_fail.wav,1.1666666666666667
0.6574421650971812,0.6114541950165375,0.46383617799903254,0.21412440142971725,87.33360003343786,144.21095494758254,6.3106575963718825,0.3401360544217687,0.3219954648526077,0.19047619047619047,0.1473922902494331,270.6743869265994,61.915740966796875,9.792792792792794,./MASTgraded/69_mel1/performances/69_mel1_per1658742_pass.wav,3.3333333333333335
0.8143606142683184,0.7497545886467821,0.48704582562457394,0.2913264786652758,60.25561831381316,67.83384956383914,6.26077097505669,0.26303854875283444,0.36054421768707484,0.21768707482993196,0.15873015873015872,154.40197245279947,70.273193359375,8.693693693693694,./MASTgraded/69_mel1/performances/69_mel1_per1773742_pass.wav,3.0
0.6742867097537147,0.4807572417378517,0.3740225400196982,0.22722652204657784,50.29776175708727,59.779058553744825,5.834467120181406,0.4036281179138322,0.2653061224489796,0.20408163265306123,0.12698412698412698,132.43137723905545,68.18975830078125,8.486486486486486,./MASTgraded/69_mel1/performances/69_mel1_per1787742_pass.wav,3.5
0.7350102887319393,0.6276494512247723,0.4320387980598231,0.2520077273355879,46.286574936778095,52.09610598842906,5.852607709750567,0.35600907029478457,0.30612244897959184,0.25170068027210885,0.08616780045351474,112.2556315928966,59.3731689453125,8.117117117117116,./MASTgraded/69_mel1/performances/69_mel1_per1209742_pass.wav,3.1666666666666665
0.756230456656706,0.6563375676734664,0.5639644706125513,0.42382379102801554,165.65054486073603,203.69708894450955,7.757369614512472,0.22675736961451248,0.2222222222222222,0.09750566893424037,0.45351473922902497,449.2880339235873,247.94781494140625,11.711711711711711,./MASTgraded/69_mel1/performances/69_mel1_per1287742_fail.wav,1.0
0.7150101461769667,0.48520297708622095,0.3163530769993312,0.16155141409442228,62.874373420836434,95.29483704495505,5.895691609977324,0.42857142857142855,0.3287981859410431,0.07029478458049887,0.17233560090702948,195.09825271743912,49.233184814453125,9.18018018018018,./MASTgraded/69_mel1/performances/69_mel1_per1319742_fail.wav,1.8333333333333333
0.6512788655655981,0.5409178852293154,0.292950581931163,0.2022859202221445,48.00414153291525,59.426999605844514,5.773242630385488,0.3786848072562358,0.3242630385487528,0.12471655328798185,0.17233560090702948,127.84692973918743,68.60006713867188,8.378378378378379,./MASTgraded/69_mel1/performances/69_mel1_per1360752_fail.wav,2.5
